,기업명,공모가(원),기관청약경쟁률,일반청약경쟁률,상장주식수,매출액(백만원),순이익(백만원),자본금(백만원),의무보유확약비율,구주매출비율,최대주주지분율,유통가능물량(비율),공모금액(백만원),첫날손익률,최대희망공모가액차(%),주간사규모,유가증권여부,상장분기,종가
0,아셈스,8000,1618.26,2435.07,2000000,34049,1052,4479,7.71,0,46.55,39.75,16000,68.75,0,1,0,1,"13,500"
1,레인보우로보틱스,10000,1489.9,1201.26,2650000,1694,-5497,7922,19.9,0,26,37.06,26500,160,11.11,1,0,1,"26,000"
2,마크로밀엠브레인,6800,1056.8,888.01,1400000,39075,1952,4484,19.39,0,42.22,29.88,9520,136.03,6.25,1,0,3,"16,050"
3,메탈라이프,13000,1288.21,1397.97,700000,19270,3742,1732,22.46,0,56.06,20.79,9100,160,0,1,0,4,"33,800"
4,연우,25200,317,680,2405680,168759,8670,6199,51,0,65.84,31.04,60623,45.04,0,1,0,4,"36,550"
5,솔루엠(유가),17000,1167.55,1147.76,6400000,913607,38483,23166,20.79,0,22.44,53.5,108800,71.47,9.68,1,1,1,"29,150"
6,한국파마,9000,1296.86,2036,3243000,66136,5528,5453,0,48.1,62.71,31.5,29187,87.22,5.88,1,0,3,"16,850"
7,씨유테크,6000,1565.03,1408.69,5250000,221698,10598,8828,22.76,33.33,69.37,29.73,31500,40,7.14,0,0,4,"8,400"
8,모비릭스,14000,1407.53,1485.51,1800000,40340,6189,927,5.73,0,60,32.49,25200,160,0,1,0,1,"36,400"
9,엔시스,19000,1467.73,2573.6,2300000,31884,1912,1040,21.73,29.13,54.79,29.21,43700,65.26,15.15,1,0,2,"31,400"
10,이루다,9000,1316.5,3039.55,1500000,17779,2031,3532,7.8,20,43.95,50.6,13500,96.11,0,1,0,3,"17,650"
11,창해에탄올,8300,578.2,675.79,1900871,69032,14887,3087,59.5,0,29.2,52.5,15777,75.9,20.29,1,0,3,"14,600"
12,이지케어텍,12300,1108.03,1272.11,1300000,55374,3606,3193,40.25,0,44,56.66,15990,159.76,0,1,0,1,"31,950"
13,에이디엠코리아,3800,1515.98,2345.4,4500000,10206,653,2183,12.35,0,64.77,14.03,17100,160,15.15,1,0,2,"9,880"
14,디에스씨인베스트먼트,1700,11.2,10.77,4368932,4440,1299,8750,0,0,34.5,31.8,7427,109.41,-39.29,1,0,4,"3,560"
15,싸이토젠,17000,608.85,705.49,1200000,850,-2149,2816,0.7,0,22.92,55.02,20400,-8.24,0,1,0,4,"15,600"
16,리메드,13000,24.76,92.69,600000,8004,-7381,2911,0,0,27.86,60.33,7800,3.46,-21.21,1,0,4,"13,450"
17,서남,3100,1228.4,881.6,3500000,4854,-1449,10182,5.21,0,11.18,57.73,10850,53.23,0,1,0,1,"4,750"
18,컴퍼니케이파트너스,4500,865.66,850.46,4000000,9866,3336,7805,27.8,0,41.64,25.62,18000,136.67,12.5,1,0,2,"10,650"
19,이삭엔지니어링,11500,1427.15,2262.09,2100000,32759,2679,4144,20.73,0,63.77,26.4,24150,127.39,0,1,0,2,"26,150"
20,파버나인,12500,264.04,173.89,1100000,119801,6658,1475,0,0,34.77,51.16,13750,-4,-8.09,1,0,3,"12,000"
21,아이퀘스트,11000,1504.02,2853.34,2000000,13153,3650,986,18.7,0,44.59,27.2,22000,81.82,3.77,1,0,1,"20,000"
22,에스티팜,29000,717.41,236.85,4664000,138052,25189,9328,60.03,0,53.41,40.67,135256,68.28,7.41,0,0,2,"48,800"
23,팍스넷,5200,753.07,946.51,2769000,20588,3631,5538,5.19,0,44.4,52.22,14399,141.35,0,1,0,3,"12,550"
24,애드바이오텍,7000,102.15,27.2,1360000,9815,-7345,4546,0,0,40.68,39.65,9520,-15,-12.5,0,0,1,"5,950"
25,유일에너테크,16000,1427.69,683.55,2415200,47015,8164,5295,61.06,28.86,52.74,31.71,38643,115.63,14.29,0,0,1,"34,500"
26,티움바이오,12000,37.3,5.3,2500000,1129,-13752,11594,0,0,34.5,27.02,30000,12.08,-40,1,0,4,"13,450"
27,SK바이오사이언스(유가),65000,1275.47,335.36,22950000,183938,14677,38250,59.92,33.33,68.43,25.57,1491750,160,0,1,1,1,"169,000"
28,로보티즈,14000,958.6,1043.92,1700000,17914,1781,5625,39.8,0,46.9,20.47,23800,40,23.89,1,0,4,"19,600"
29,바이오플러스,31500,1220.2,1206.63,1400000,24367,9703,6955,7.8,0,28.6,53.28,44100,3.02,0,1,0,3,"32,450"
30,캐리소프트,9000,924.83,1067,910000,9969,-2189,3146,2.7,0,37.38,35.83,8190,53.89,0,1,0,4,"13,850"
31,엠플러스,18000,596.2,1003.24,1250000,28031,3542,2555,27.2,20,29.68,45.1,22500,30,12.5,1,0,3,"23,400"
32,이에스브이,10000,23.29,558.9,1580000,32746,2239,3313,2.38,0,33.2,32.23,15800,36,-33.33,1,0,4,"13,600"
33,셀리드,33000,778.77,818.83,1200000,0,-5408,4105,10.49,0,23,48.06,39600,54.85,6.45,1,0,1,"51,100"
34,이노뎁,18000,1573.93,692.12,1050000,60760,1653,3475,6.05,0,40.81,52.72,18900,0.28,0,0,0,2,"18,050"
35,브랜드엑스코퍼레이션,13000,47.06,8.54,3797209,64097,7629,9531,0,40,48.6,38.68,49364,-10,-15.03,0,0,3,"11,700"
36,케어랩스,20000,934.42,886.14,1300000,18597,1935,2988,40.19,0,59.62,17.4,26000,160,11.11,1,0,1,"52,000"
37,신테카바이오,12000,75.61,123.2,1600000,287,-3747,6577,1.32,0,26.45,50.39,19200,39.17,-36.84,1,0,4,"16,700"
38,유앤아이,30000,377.4,638.25,1500000,15639,1553,3768,4,0,29,57.1,45000,-18.83,0,1,0,4,"24,350"
39,SK바이오팜(유가),49000,835.66,323.03,19578310,1069,-142139,39156,81.15,32,75,20,959337,159.18,0,1,1,3,"127,000"
40,오비고,14300,1123.74,1485.15,2211820,10229,-5332,5641,7.68,0,30.39,50.52,31629,44.76,0,1,0,3,"20,700"
41,민앤지,28000,728.82,1107.81,1411800,17677,5284,2841,45.4,0,29.47,54.1,39530,60.18,16.67,1,0,2,"44,850"
42,엑시콘,10000,28.34,9.05,2000000,38036,5831,3411,0,0,35.18,63.47,20000,-13.5,-39.39,0,0,4,"8,650"
43,에이치피에스피,25000,1511.36,1159.05,3000000,61174,17658,9874,42.54,0,41.52,16.19,75000,73,0,1,0,3,"43,250"
44,앱클론,10000,564.87,799.09,680741,3120,-1597,3400,21.72,0,19.35,52.58,6807,160,0,1,0,3,"26,000"
45,해성티피씨,13000,1508.95,2053.27,1000000,15327,-1518,2315,16.05,0,46.65,21.6,13000,160,13.04,1,0,2,"33,800"
46,동구바이오제약,16000,727.7,836.67,2069120,87363,10923,4802,53.41,7.25,41.23,50.89,33106,160,10.34,1,0,1,"41,600"
47,티엘비,38000,1318.82,1551.19,1000000,149136,9473,2458,6.1,11,23.23,24.12,38000,43.42,0,0,0,4,"54,500"
48,신도기연,16000,1272.9,955.01,1300000,48854,3189,4030,14.51,0,59.96,37.5,20800,40,0,1,0,3,"22,400"
49,카카오페이(유가),90000,1714.47,29.6,17000000,284371,-25051,65183,70.44,0,47.83,38.91,1530000,114.44,0,1,1,4,"193,000"
50,아이진,13500,408.1,267.72,1485257,27546,-2926,4235,7.5,0,16.28,65.22,20051,-2.96,0,1,0,4,"13,100"
51,와이엠텍,28000,1696.19,2939.57,600000,17037,3866,2696,31.59,0,54.2,37.61,16800,110.71,0,1,0,3,"59,000"
52,셀리버리,25000,698.98,808.45,1140000,2774,-15008,3806,16.8,0,25.62,60.48,28500,14.8,0,0,0,4,"28,700"
53,뉴트리바이오텍,21000,93.92,2.38,2080000,45409,2388,5157,28.32,0,51.78,45.09,43680,38.1,-12.5,0,0,4,"29,000"
54,제일전기공업,17000,1196.21,1396.1,2900000,146148,14127,5555,8.86,50,60.52,26.1,49300,68.53,0,1,0,4,"28,650"
55,비피도,18000,74.62,159.97,410001,13664,2425,2045,0,0,41.78,44.44,7380,102.78,-37.28,1,0,4,"36,500"
56,테고사이언스,13500,591.09,622.14,532699,6307,1596,1780,30.5,0,55.74,41.42,7191,130,8,1,0,4,"31,050"
57,에스트래픽,10000,605.02,1128.18,2130000,88748,8209,5725,13.4,0,32.5,41.08,21300,50,0,1,0,4,"15,000"
58,카카오게임즈,24000,1478.53,1524.8,16000000,322392,33315,7320,58.59,0,53.64,31.69,384000,160,0,1,0,3,"62,400"
59,자이글,11000,18.9,610.76,4480000,101923,13488,6765,0,50,66.22,32.59,49280,17.27,-52.17,1,0,3,"12,900"
60,한국맥널티,8000,60.5,479.79,1250000,19421,5340,2487,0.2,0,35.18,23.87,10000,65.63,-30.43,1,0,4,"13,250"
61,세아메카닉스,4400,1812.83,2475.87,6650000,82695,4254,2648,6.73,33.08,44.93,28.7,29260,72.73,10,1,0,1,"7,600"
62,스코넥,13000,1724.66,1751.25,2226300,4558,-8971,6036,59.95,0,34.49,34.17,28942,88.08,8.33,0,0,1,"24,450"
63,비트나인,11000,1662.29,589.64,2071000,11576,-10226,4110,5.96,0,23.42,41.86,22781,3.64,13.4,1,0,4,"11,400"
64,선바이오,11000,31.93,186.28,616000,5459,1202,6156,4.18,0,33.1,66.75,6776,-3.64,-31.25,1,0,4,"10,600"
65,에스퓨얼셀,16500,942.85,857.78,1890000,20295,2789,2872,40.5,33.33,59.84,34.4,31185,104.85,17.86,1,0,4,"33,800"
66,하나기술,35000,1393.98,1802.1,800000,59294,4317,1822,16.83,0,35.68,38.43,28000,160,0,1,0,4,"91,000"
67,카페24,57000,672.71,731.58,900000,118080,-1272,4429,42.9,0,36.02,49.2,51300,48.6,0,1,0,1,"84,700"
68,위더스제약,15900,1033.41,1082.03,1600000,51732,8661,1550,17.36,37.85,52.99,21.39,25440,116.35,0,1,0,3,"34,400"
69,수젠텍,12000,75.21,1.48,1500000,3440,-20960,6611,3.15,0,18.35,71.41,18000,-15.42,-14.29,1,0,2,"10,150"
70,감마누,11000,608.66,1389.86,360000,29198,2732,1018,0,0,49.51,39.69,3960,70,-4.35,1,0,3,"18,700"
71,한국자산신탁(유가),10300,149.83,6.65,27297345,83392,36292,42500,6.37,0,52.9,30.53,281163,-6.8,0,0,1,3,"9,600"
72,청담글로벌,6000,24.79,42.1,6341686,70387,849,10275,16.47,8.33,39.4,24.93,38050,27.33,-37.5,1,0,2,"7,640"
73,엔젠바이오,14000,1006.96,1502.4,2444000,1478,-6865,12215,3.33,0,14.27,36.16,34216,83.21,0,1,0,4,"25,650"
74,하이브(구.빅히트)(유가),135000,1117.25,606.97,7130000,587224,72424,17811,43.85,0,45.22,24.93,962550,91.11,0,1,1,4,"258,000"
75,에코프로비엠,48000,988.49,273.78,3000000,289870,15159,9925,45.04,0,69,40.07,144000,31.67,11.89,0,0,1,"63,200"
76,까스텔바쟉,12000,32.53,3.4,2362500,84152,6356,3298,3.86,71.43,50.84,47.44,28350,60.42,-36.84,1,0,2,"19,250"
77,이노테라피,18000,154.44,463.37,500000,180,-3012,2484,2.83,0,28,48.35,9000,7.5,-28.57,0,0,1,"19,350"
78,이즈미디어,7500,129.22,13.87,1520000,39808,4167,3522,1.38,7.89,49.13,42.55,11400,24.8,-25,1,0,3,"9,360"
79,크리스에프앤씨,30000,7.89,0.53,3516000,277417,34158,11715,0,50,59.6,32.9,105480,-20,-21.47,1,0,4,"24,000"
80,라온피플,14000,330.36,2.07,2023550,21764,6250,5089,1.5,0,46.09,42.94,28330,11.07,-17.65,1,0,4,"15,550"
81,대명에너지,15000,254.74,151.58,2500000,159386,8132,1700,1.18,20,75.67,14.71,37500,-7,-16.67,1,0,2,"13,950"
82,알비더블유,21400,1719.61,3706.79,1253000,37277,3719,3965,15.98,37.51,38,26.77,26814,82.01,0,1,0,4,"38,950"
83,나래나노텍,17500,102,24.36,3100000,82805,2273,5529,0.97,22.96,44.69,53.84,54250,-20.57,-14.63,1,0,1,"13,900"
84,유바이오로직스,6000,31.09,10.5,3200000,1603,-2828,12115,0,0,25,43.69,19200,-15.5,-11.76,1,0,1,"5,070"
85,티앤엘,36000,338.91,1109.19,800000,32655,7286,2032,0.41,0,56.63,40.81,28800,50,-5.26,1,0,4,"54,000"
86,쏘카(유가),28000,56.07,14.4,3640000,261824,-67745,3272,0.17,0,19.01,14.51,101920,-6.07,-37.78,1,1,3,"26,300"
87,석경에이티,10000,1390.29,1751.58,1000000,6403,1111,2727,6.68,0,41.45,58,10000,160,0,1,0,4,"26,000"
88,제노포커스,11000,842.79,1206.75,1200000,2195,112,3678,41.12,0,50.1,43.21,13200,130,22.22,1,0,2,"25,300"
89,아진산업,6500,11.61,0.47,4500000,134258,15665,6299,8.7,0,50.4,45.19,29250,-2.77,-13.33,1,0,4,"6,320"
90,라이프시맨틱스,12500,1402.17,1774.57,1000000,1162,-3963,4888,3.78,0,39.55,47.68,12500,40,0,1,0,1,"17,500"
91,한국바이오젠,6000,1087.6,1019.62,1784500,16434,2130,1590,0,20.31,39.86,47.35,10707,120,5.26,1,0,3,"13,200"
92,에스앤디,28000,173.11,4.2,1023000,56537,7359,2029,0.01,0,31,57.56,28644,-22.5,-12.5,0,0,3,"21,700"
93,엠코르셋,11500,766.05,51.47,2518500,124300,7757,5036,16.4,20,41.09,56.2,28963,12.61,0,0,0,3,"12,950"
94,지니너스,20000,66.03,162.5,2000000,3794,-9152,5434,0.1,0,37.41,31.74,40000,-33,-37.89,0,0,4,"13,400"
95,원티드랩,35000,1503.91,1731.23,730000,14648,-9174,2351,10.98,27.69,29.77,26.03,25550,160,0,1,0,3,"91,000"
96,오션브릿지,6600,617.92,1135.44,2265000,25389,3496,4562,10.75,0,17,34.4,14949,1.52,0,0,0,4,"6,700"
97,인포마크,14000,251.2,381,870000,70657,3389,1751,12,0,28.6,43.7,12180,43.57,0,1,0,3,"20,100"
98,클리오,41000,153.08,5.68,4497600,106914,17651,8994,10.42,50,73.75,26.25,184402,-10.24,0,1,0,4,"36,800"
99,플리토,26000,1133,710.71,1473486,3505,-3761,2584,22,32.13,34.11,39.59,38311,6.92,13.04,1,0,3,"27,800"
100,체리부로,4700,265.38,616.6,6151897,290878,16031,13936,0.4,32.49,63.4,32.76,28914,-15.32,0,1,0,4,"3,980"
101,비씨엔씨,13000,1831.23,2686.22,2500000,47343,2011,6183,22.84,0,64.32,24.18,32500,73.85,13.04,1,0,1,"22,600"
102,제일모직(구.삼성에버랜드)(유가),53000,465,194.9,28749950,3018454,96302,12500,35.14,0,66.4,19.2,1523747,113.21,0,1,1,4,"113,000"
103,포인트모바일,15000,1447.07,1842.97,1094873,62181,8494,616,18.19,15.5,33.52,36.08,16423,103.67,0,1,0,4,"30,550"
104,티웨이항공(유가),12000,23.03,1.15,16000000,584032,39708,23487,0,25.26,58.3,32.3,192000,-3.75,-28.14,1,1,3,"11,550"
105,상신전자,13300,601.54,1002.23,700000,67474,5089,1960,0,0,40.81,23.34,9310,65.41,0,1,0,4,"22,000"
106,파인텍,10500,382.64,1041.73,1065651,141968,11825,2723,45.68,0,36.3,57.3,11189,62.86,0,1,0,3,"17,100"
107,링크제니시스,30000,754.6,1184.36,300000,10195,1758,213,35.9,0,42.08,55.38,9000,35,20,1,0,1,"40,500"
108,브이씨,15000,190.59,46.41,1000000,35364,4513,3493,19.93,0,35.05,44.2,15000,2.33,-23.08,1,0,1,"15,350"
109,현대중공업(유가),60000,1835.87,404.29,18000000,8310181,-431463,443865,53.09,0,79.7,16.2,1080000,85.83,0,1,1,3,"111,500"
110,루닛,30000,7.1,8.99,1214300,1430,-83739,6078,1.65,0,22.7,49.3,36429,33.33,-38.78,1,0,3,"40,000"
111,아시아나IDT(유가),15000,7.04,1.21,3300000,264919,19397,5550,0,66.67,76.2,19,49500,-17,-37.76,1,1,4,"12,450"
112,위드텍,25000,1336.49,1185.51,1060000,58061,11129,2545,23.53,0,66.45,25.05,26500,64.4,0,1,0,4,"41,100"
113,퓨런티어,15000,1535.42,2683,1600000,15082,-2180,3982,11.08,0,66.47,24.51,24000,108,13.64,0,0,1,"31,200"
114,덴티움(유가),32000,22.96,364.19,2545831,95489,14497,5534,0.4,0,41.21,50.51,81467,7.81,-36,1,1,1,"34,500"
115,피피아이,7000,997.33,1147.7,1000000,38120,2549,4654,2.47,0,25.89,73.77,7000,37.57,0,1,0,4,"9,630"
116,경보제약(유가),15000,524.56,263.87,9562750,169781,8636,11953,34.44,0,60,32,143441,128.33,0,1,1,2,"34,250"
117,라파스,20000,202.06,813.16,1600000,9725,-3657,4095,0,0,25.84,59.21,32000,-9.75,-31.03,0,0,4,"18,050"
118,큐리언트,21000,709.15,959.28,1548000,215,-10706,3613,35.24,0,22.84,45.07,32508,85.71,0,1,0,1,"39,000"
119,오로스테크놀로지,21000,1260,1033.82,1900000,26901,7570,4654,37.12,0,33.71,23.92,39900,160,0,1,0,1,"54,600"
120,디어유,26000,2001.11,1598.15,3300000,13048,-2250,10875,37.46,0,62.36,23.56,85800,155.77,8.33,1,0,4,"66,500"
121,이노션(유가),68000,273.09,204.13,5001000,744734,83835,10000,52.4,0,39,29,340068,-11.03,-4.23,1,1,3,"60,500"
122,에스제이그룹,38600,946.62,512.93,820000,68630,3531,1647,13.56,0,51.24,33.12,31652,20.21,0,1,0,4,"46,400"
123,실리콘투,27200,1437.63,1701,1654000,99398,5716,5012,8.37,5.68,52.27,27.41,44989,6.62,0,1,0,3,"29,000"
124,에이티젠,17000,695.7,1166.97,1007255,1678,-6031,5036,40.6,0,21.3,57,17123,51.76,17.24,1,0,4,"25,800"
125,원방테크,54300,406.8,348.77,1282716,118882,14592,2147,3.2,70,55.84,41.38,69651,-19.52,0,1,0,3,"43,700"
126,고바이오랩,15000,64.33,566.54,2400000,577,-44067,7742,0.03,0,36.37,27.59,36000,108.67,-34.78,1,0,4,"31,300"
127,자이언트스텝,11000,1691.65,2342,1400000,12839,-4430,4713,24.42,0,54.9,30.86,15400,160,0,1,0,1,"28,600"
128,자이에스앤디(유가),5200,768.58,665.41,8800000,212696,10716,26782,5.1,0,66.8,26.7,45760,17.69,0,1,1,4,"6,120"
129,티에스아이,10000,1283.73,1621.1,1847000,60918,-12175,3894,4.97,25.01,45.89,38.41,18470,72,5.26,1,0,3,"17,200"
130,아모센스,12400,116.79,26.55,2779858,62028,-1196,5600,2.57,20,39.92,32.53,34470,28.23,-18.42,1,0,2,"15,900"
131,일진하이솔루스(유가),34300,1471.01,654.5,10893990,113525,15579,18156,61.52,33.33,59.6,24,373664,159.77,0,1,1,3,"89,100"
132,에스피시스템스,4900,1116.32,786.16,2000000,46873,3235,814,13.68,32,73.04,23.77,9800,159.18,0,1,0,3,"12,700"
133,코아스템,16000,868.62,751.91,2500000,12988,-6325,7858,41.74,0,28.57,52.92,40000,160,21.21,1,0,2,"41,600"
134,수산인더스트리(유가),35000,130.37,3.4,5715000,294111,53318,2000,18.94,25,60,32,200025,-7.14,-18.79,1,1,3,"32,500"
135,에프앤가이드,7000,1327.98,1353.9,1626190,21083,3479,6018,7.6,39.22,27.17,39.99,11383,83.57,7.69,0,0,4,"12,850"
136,진에어(유가),31800,274.55,134.05,12000000,719673,39333,30000,7.3,75,60,32,381600,-9.28,0,1,1,4,"28,850"
137,삼영에스앤씨,11000,1762.39,2392.84,1105000,14489,633,2209,15.27,0,49.21,35.53,12155,160,10,1,0,2,"28,600"
138,녹십자웰빙,11300,657.93,657.66,4500000,53883,5678,8876,4.49,0,45.77,48.97,50850,10.62,0,1,0,4,"12,500"
139,에스에스알,9000,928.44,1231.66,1420000,11326,2515,2831,41.62,0,33.38,25.08,12780,160,20,1,0,3,"23,400"
140,제주항공(유가),30000,378.67,448.5,5500000,510636,32007,129533,77.99,0,67.5,26.7,165000,60.33,7.14,1,1,4,"48,100"
141,뉴로메카,16900,1652.13,1181.88,1500000,7333,-6668,5029,7.6,0,22.98,34.15,25350,24.56,0,0,0,4,"21,050"
142,배럴,9500,298.48,369.78,1710000,24247,3713,3607,9.06,0,48.49,23.05,16245,42.11,0,1,0,1,"13,500"
143,브레인즈컴퍼니,25000,1428.8,1190.39,600000,14829,3734,2054,8.92,33.33,35.9,34.5,15000,160,11.11,1,0,3,"65,000"
144,피씨엘,8000,6.61,2.01,1500000,243,-1864,4460,0.46,0,41.36,39.49,12000,14.5,-38.46,1,0,1,"9,160"
145,넥스트엔터테인먼트월드,16300,214.69,33.55,2071462,122061,12028,6851,9.59,0,37,45.7,33765,11.35,0,1,0,4,"18,150"
146,토니모리(유가),32000,441.86,771.08,2940000,205150,11614,2000,55.2,0,75,20,94080,57.81,5.96,1,1,3,"50,500"
147,영우디에스피,5000,17.07,32.32,1300000,89650,10239,2792,0,0,26.49,59.07,6500,26.4,-47.37,1,0,4,"6,320"
148,에이프로,21600,1090.8,1582.52,1367917,67358,7578,3440,10.46,0,42.62,44.51,29547,159.72,0,1,0,3,"56,100"
149,맥스트,15000,1587.01,6762.75,1000000,1983,-8921,4266,39.13,0,32.94,34.19,15000,160,15.38,1,0,3,"39,000"
150,크래프톤(유가),498000,243.15,7.79,8654230,1670427,556267,4889,22.05,35.01,28.48,41.5,4309807,-8.84,0,1,1,3,"454,000"
151,SK아이이테크놀로지(유가),105000,1882.88,288.17,21390000,263037,63684,71297,63.2,0,61.2,24,2245950,47.14,0,1,1,2,"154,500"
152,데이타솔루션,3300,395.83,733.74,4600000,100820,3054,7679,23.09,30,69.15,24.71,15180,72.12,0,1,0,3,"5,680"
153,압타머사이언스,25000,830.32,1251.29,1300000,408,-3853,4463,3.27,0,21.77,50.34,32500,11,0,1,0,3,"27,750"
154,용평리조트(유가),7000,28.1,291.1,16720000,133592,3956,99990,0.1,0,57.1,30.3,117040,67.14,-23.91,1,1,2,"11,700"
155,린드먼아시아인베스트먼트,6500,640.8,1039.51,3398058,6335,2802,6750,27.4,0,74.1,13.2,22087,160,18.18,1,0,1,"16,900"
156,세틀뱅크,55000,1122,309.6,1447000,57164,11995,4633,14.8,35.94,40.81,53.7,79585,-6.18,12.24,1,0,3,"51,600"
157,그린플러스,10000,863.94,700.96,700000,42151,2213,2324,5.85,0,38.43,46.51,7000,7,0,1,0,3,"10,700"
158,메드팩토,40000,86.41,18.84,1511000,0,-37578,5048,13.83,0,34.2,51.06,60440,-10.25,-6.98,1,0,4,"35,900"
159,쿠콘,45000,1594.61,1596.32,1612319,39526,8382,3972,30.9,19.37,25.19,34.79,72554,45.56,12.5,1,0,2,"65,500"
160,롯데정보통신(유가),29800,79.33,34.22,4286000,691297,20675,71430,25.9,0,70,30,127723,-2.68,-11.83,1,1,3,"29,000"
161,마니커에프앤지,4000,1056.91,1216.48,2600000,99419,4077,5189,5.43,0,29.54,25.05,10400,73.75,0,0,0,3,"6,950"
162,펩트론,16000,699.59,1093.01,815122,3103,-2059,3250,67.4,0,12.6,62.98,13042,160,33.33,1,0,3,"41,600"
163,디자인,10100,771.73,665.04,397000,30472,2225,1330,3.86,0,57.73,42.27,4010,50.5,0,0,0,4,"15,200"
164,세종메디칼,15000,836.68,922.71,2030000,12773,3192,3388,39.75,39.9,68.9,31.1,30450,100,9.49,1,0,2,"30,000"
165,엔지스테크널러지,10000,475.6,562.94,467000,6328,1753,2500,21.2,0,48.35,37.03,4670,147,0,0,0,3,"24,700"
166,현대사료,6600,839.16,1690,1526180,106532,3513,3075,31.92,0,69.82,26.95,10073,159.85,0,1,0,2,"17,150"
167,와이더플래닛,16000,1449.22,1357.98,1000000,34760,-1452,3381,9.59,0,18,56.21,16000,25,6.67,1,0,1,"20,000"
168,대보마그네틱,31000,995.4,837.58,820000,13165,3760,1616,45.41,26.83,70.28,25.37,25420,88.71,21.57,1,0,4,"58,500"
169,녹십자랩셀,18500,733.72,799.76,2000000,34489,2260,5277,51.66,0,56.86,39.83,37000,160,16.35,1,0,2,"48,100"
170,야스,23500,28.9,0.52,2300000,82982,13064,6465,7.15,26.09,47.46,51.62,54050,-18.72,-11.32,1,0,3,"19,100"
171,아시아경제신문사,3600,280.85,12.31,8500000,32652,4325,9994,15.82,0,58.22,39.77,30600,16.94,0,1,0,3,"4,210"
172,바이옵트로,7500,205.12,68.11,1000000,16115,2235,4071,0.98,0,38.4,60.76,7500,-16.13,-11.76,1,0,4,"6,290"
173,팬젠,16500,614.46,1073,1500000,3400,-2120,4317,14.04,0,33.62,58.69,24750,35.15,0,1,0,1,22300
174,프리시젼바이오,12500,1231.23,1557.29,1500000,2409,-706,5621,1.62,0,35.68,53.83,18750,160,0,1,0,4,32500
175,우양,4200,1195.37,1037.31,3600000,107437,3933,1425,0,33.33,45.24,32.96,15120,13.93,0,1,0,4,4785
176,에브리봇,36700,576.74,159.42,1120000,49165,-902,3047,0.67,25,35.96,34.69,41104,-17.44,0,1,0,3,30300
177,하나제약(유가),26000,101.5,147.5,4081460,139331,24310,8100,0.1,0,58.3,35.79,106118,27.5,-7.14,1,1,4,33150
178,알테오젠,26000,409.2,564.78,900000,5527,1606,2930,14.4,0,35.17,47.28,23400,-17.31,0,1,0,4,21500
179,비플라이소프트,10000,111.05,26.86,1000000,24386,-3424,3144,0.76,10,33.31,59.73,10000,-9.5,-47.37,0,0,2,9050
180,에스비비테크,12400,1644.01,1657.6,1800000,6779,-2816,2972,32.54,33.33,41.04,34.1,22320,150.4,0,1,0,4,31050
181,디아이티,10000,105.14,11.1,3757500,85994,11909,1890,6.8,0,70.79,25.23,37575,6.5,-3.85,1,0,3,10650
182,플래티어,11000,1631,2498.8,1800000,39376,2685,4134,18.29,0,43.9,29.1,19800,160,10,1,0,3,28600
183,소룩스,10000,1135.7,1660.08,1973670,71108,5794,815,0.8,17.93,26.1,24.32,19737,160,0,1,0,4,26000
184,엘이티,7800,1255.9,1552.16,2197000,40933,7172,4427,24.5,0,52.56,19.85,17137,159.62,0,1,0,2,20250
185,트윔,22000,1627.34,2266.84,1220000,18260,2916,3627,9.2,0,50.41,10.93,26840,86.82,7.84,0,0,4,41100
186,디지캡,12000,979.06,931.79,584446,16311,2045,1765,4.18,38.4,20.2,51.91,7013,-9.17,14.29,1,0,3,10900
187,옵티팜,10000,94.57,463.49,2945890,13857,-1567,7108,11.6,25.32,46.29,51.33,29459,17,-16.67,1,0,4,11700
188,에코마케팅,35000,941.86,1103,1100000,19665,9306,812,0,0,57.24,23.19,38500,36,12.9,1,0,3,47600
189,미래에셋벤처투자,4500,441.4,1021.77,4500000,54949,6305,30667,3.7,0,67.2,30.73,20250,18,0,1,0,1,5310
190,제이더블유생명과학(유가),30000,224.57,220.29,2400000,125950,12864,39586,7.41,0,50,43.94,72000,43.17,-7.69,1,1,4,42950
191,레몬,7200,426,800.07,4100000,31438,-2377,17250,6.3,0,61.28,36.84,29520,44.44,0,1,0,1,10400
192,팜스빌,14000,1035.53,674.04,1811250,19833,4815,3964,7.05,13.04,69.37,27.81,25358,2.5,0,0,0,4,14350
193,제노코,36000,1452.49,2095.45,490000,32927,2198,1221,22.15,0,43.06,37.78,17640,122.5,9.09,0,0,1,80100
194,시스웍,2800,78.86,830.31,4468543,24178,5347,1800,0.44,0,54.73,32.42,12512,21.07,-28.21,1,0,4,3390
195,테라셈,3000,18.41,54.22,1800000,32384,5075,6983,0,0,59.75,38.22,5400,-8.5,-26.83,1,0,4,2745
196,케어젠,110000,833.46,263.19,1620000,28584,14155,5355,62,0,70,25.34,178200,-2.73,22.22,1,0,4,107000
197,엔비티,19000,1425.3,4397.67,832000,45058,744,831,10.7,0,41.17,39.28,15808,92.11,7.95,1,0,1,36500
198,스튜디오드래곤,35000,536.68,320.11,6000000,137052,7754,14018,27.2,0,75.66,20.97,210000,105.14,0,1,0,4,71800
199,오토앤,5300,1713,2395.63,2877579,49437,3444,6437,8.34,0,26.8,29.6,15251,115.09,10.42,1,0,1,11400
200,이노룰스,12500,1495.69,781.31,1154744,16405,2833,2570,6.02,11.55,41.06,42.52,14434,26.8,0,1,0,4,15850
201,셀레믹스,20000,1203.41,1176.45,1320000,5141,-2256,3902,5.41,0,23.28,44.33,26400,29,0,0,0,3,25800
202,소마젠,11000,69.46,4.42,4200000,21214,-2623,0,0,0,68.7,28.47,46200,37.27,-26.67,1,0,3,15100
203,인바이오,5800,1386.04,1414.15,1630000,33736,1020,5042,8.23,0,24.67,44.32,9454,110.34,0,1,0,4,12200
204,머큐리,6100,749.57,930.39,5120000,138330,4443,7381,13.35,50,64.3,32.6,31232,27.87,0,1,0,4,7800
205,선진뷰티사이언스,11500,1431,1987.74,1835000,47403,4333,3057,17.83,33.24,59.76,32.46,21103,160,0,1,0,1,29900
206,모트렉스,38300,357.12,422.73,1800000,200359,15018,2763,11.24,14.87,55.64,30.47,68940,-12.79,0,1,0,3,33400
207,넥스틴,75400,30.25,13.92,320000,9394,-2625,1567,23.3,0,37.39,43.98,24128,-5.04,0,1,0,4,71600
208,앤디포스,14500,406.09,524.2,4200000,57458,13758,7534,10.6,28.57,70.8,28.3,60900,29.66,0,1,0,4,18800
209,딥노이드,42000,1179.07,834.86,300000,235,-8606,2310,7.29,0,36.08,44.57,12600,20,0,1,0,3,50400
210,영창케미칼,18600,1616.27,682.13,2400000,60760,2506,10110,5.92,16.67,40.09,36.17,44640,-11.56,0,1,0,3,16450
211,윤성에프앤씨,49000,67.49,1.73,1994762,75894,-2915,797,0.14,15,58.4,29.8,97743,-17.45,-20.97,1,0,4,40450
212,알체라,10000,1315.61,1322.58,2000000,3291,-11416,6684,3.88,0,41.15,37.1,20000,160,0,0,0,4,26000
213,강스템바이오텍,6000,11.35,40.92,2000000,208,-3714,6908,0,0,25.3,62.55,12000,56,-40,1,0,4,9360
214,영화테크,12500,61.83,1011.76,704000,61373,5587,2672,0,0,49.62,43.06,8800,160,-19.35,1,0,4,32500
215,파크시스템스,9000,50.29,7.55,1000000,15293,-717,3215,57.3,0,39.28,59.49,9000,-3.78,-18.18,1,0,4,8660
216,모바일어플라이언스,3500,471.31,636.77,3766285,53720,1679,7500,19.13,72.33,33.19,53.98,13182,70.86,0,1,0,1,5980
217,새빗켐,35000,1670.9,1724.96,1070000,33389,4423,2377,37.7,15.89,58.52,34.21,37450,107.14,16.67,1,0,3,72500
218,우진아이엔에스(유가),15000,129.06,11.17,2100000,140446,16846,3811,0.77,33.33,53.47,39.68,31500,31,-11.76,0,1,3,19650
219,서전기전,6500,11.54,8.89,1213000,54843,5701,1800,0,0,57.9,58.15,7885,41.54,-45.83,0,0,4,9200
220,에이비온,17000,139.36,30.66,2280000,1994,-10476,8338,4.3,0,32.6,60.07,38760,-7.65,0,1,0,3,15700
221,엔에프씨,13400,979.94,643.85,2000000,32860,6572,917,6.15,0,52.5,38.04,26800,26.49,0,1,0,4,16950
222,에스디바이오센서(유가),52000,1143.76,274.02,12442200,73728,1399,51635,12.45,41.67,64.19,32.82,646994,17.31,0,1,1,3,61000
223,대창스틸,2500,219.91,568,2200000,334289,4310,7283,0,0,76.76,19.14,5500,65.8,0,1,0,4,4145
224,셀트리온헬스케어,41000,38.06,6.95,24604000,402389,28641,136688,12.5,0,36.82,29.03,1008764,22.68,0,1,0,3,50300
225,에프엔에스테크,14000,624.02,840.67,1000000,44578,2794,3062,6.26,0,31.76,66.12,14000,24.64,7.69,1,0,1,17450
226,티로보틱스,16000,56.9,177.86,800000,70378,7308,2699,0,0,24.74,59.88,12800,-18.44,-11.11,1,0,4,13050
227,지아이텍,14000,2068.17,2968.35,2700000,17189,4165,3935,25.28,25.93,53.88,30.83,37800,160,6.87,1,0,4,36400
228,서울바이오시스,7500,1119,942.7,2000000,368194,5857,19111,10.5,0,64.5,34.92,15000,48,0,1,0,1,11100
229,메카로,33000,719.26,664.69,2000000,48134,2926,4917,42.07,0,61.08,38.1,66000,16.67,10,1,0,4,38500
230,드림텍(유가),13000,395.96,562.7,4545546,527609,9607,2758,0.8,46.48,75.58,15.04,59092,18.46,0,1,1,1,15400
231,샘코,11000,19.26,207,1500000,28814,2044,3878,0.96,0,44.67,36.45,16500,-6.82,-38.89,1,0,3,10250
232,지놈앤컴퍼니,40000,1163.49,1175.1,2000000,46,-84669,6930,9.08,9.69,27.44,40.84,80000,72,0,1,0,4,68800
233,포바이포,17000,1846.32,3763.37,1774967,13993,1354,5112,55.52,10.42,29.2,20.66,30174,160,21.43,1,0,2,44200
234,에이제이네트웍스(유가),34300,197.15,83.3,2300000,194185,18461,35322,20.06,0,49.75,19.93,78890,3.5,0,1,1,3,35500
235,아이스크림에듀,15900,124.73,5.7,1450000,86608,7108,6352,1.34,0,62,36.97,23055,-26.42,-11.67,0,0,3,11700
236,나노브릭,16000,39.3,2.58,456000,7186,859,4560,0,0,19.3,61.76,7296,-7.5,-27.27,1,0,3,14800
237,지오엘리먼트,10000,1613.84,1537.44,1547000,13180,2457,3096,15.23,0,72.8,24,15470,59,14.94,1,0,4,15900
238,비비씨,30700,977.5,464.19,1200000,19073,5653,2190,3.9,21.17,37.57,45.8,36840,-27.36,0,1,0,3,22300
239,천랩,40000,51.11,638.63,430000,3924,-3135,1683,0,0,25.24,39.23,17200,-3.75,-48.72,1,0,4,38500
240,제이아이테크,16000,616.71,29.59,1728870,20498,4739,819,0.55,5.78,55.91,32.76,27662,-25.62,0,1,0,4,11900
241,피코그램,12500,1472.19,1520.35,1000000,24273,1957,306,12.96,0,61.9,33.69,12500,48.8,0,0,0,4,18600
242,래몽래인,15000,1545.68,2054.63,1200000,34650,3153,3124,17.75,0,33.87,46.84,18000,60,15.38,0,0,4,24000
243,피앤씨테크,10200,306.39,679.77,2650000,23950,4889,3248,10.89,0,52.28,44.53,27030,1.47,0,1,0,3,10350
244,제놀루션,14000,1161.09,894.67,800000,3951,-287,1939,21.36,0,29.08,67.66,11200,76.79,0,0,0,3,24750
245,올릭스,36000,876.72,847.09,1200000,244,-5164,3216,74.03,0,30.72,49.6,43200,82.22,20,1,0,3,65600
246,아이씨에이치,34000,57.28,2.51,1180000,24167,2428,2832,12.47,12.29,53.85,35.68,40120,-20.59,-22.73,1,0,3,27000
247,엠로,22600,685.6,250,1016104,40302,3389,2713,6.97,0,38.52,56.52,22964,25.22,0,1,0,3,28300
248,액트로,20000,132.07,545.42,1200000,50659,5654,2500,1.86,0,37.75,53.25,24000,-10,-16.67,1,0,3,18000
249,텔콘,14500,162.88,482.06,1400000,46462,8207,1683,5.53,0,69.69,27.88,20300,-18.97,0,0,0,4,11750
250,코썬바이오,7000,54.22,5.78,3500000,25807,7981,10870,0,42.86,68.55,30.81,24500,-27.29,-22.22,1,0,4,5090
251,케이티비네트워크,5800,50.19,327.26,20000000,66974,35765,50000,6.94,0,52,19.25,116000,-7.76,-19.44,1,0,4,5350
252,두올(유가),8500,71.69,2.17,7300000,176362,6549,45589,0,60,58.9,32.9,62050,-16.94,-5.56,1,1,3,7060
253,동운아나텍,10000,101.68,47.76,500000,44453,5747,3134,7.08,0,23.23,65,5000,28,-16.67,1,0,2,12800
254,지투파워,16400,1729.63,2029.37,885000,29135,2162,1843,11.16,16.72,42.41,26.96,14514,114.94,0,1,0,2,35250
255,유테크,9000,351.1,21.14,1010000,51362,4185,2540,8.59,0,24.2,46.3,9090,20.56,0,0,0,2,10850
256,대모(구.대모엔지니어링),5200,1103.1,1268.53,2150000,51026,3119,4162,15.6,20.93,53.11,31.98,11180,117.31,0,1,0,3,11300
257,큐라클,25000,1219.27,1546.9,2133333,0,-28610,6677,7.23,6.25,17.35,40.94,53333,22.6,0,1,0,3,30650
258,핑거,16000,1453.12,939.39,1300000,60015,3174,4419,12.64,23.08,30.75,50.07,20800,81.88,6.67,0,0,1,29100
259,피플바이오,20000,40.4,51.08,500000,895,-4001,2752,0,0,23.05,52.16,10000,17,-33.33,1,0,4,23400
260,카카오뱅크(유가),39000,1732.83,181.1,65450000,804157,113636,2375501,45.28,0,27.26,27.01,2552550,78.97,0,1,1,3,69800
261,위지윅스튜디오,11000,177.33,6.84,2199515,12989,499,4399,1.13,0,34.78,47.71,24195,-15,-15.38,1,0,4,9350
262,바이젠셀,52700,1271.21,886.2,1886480,0,-10455,4716,13.61,0,29.72,46.57,99417,12.9,0,0,0,3,59500
263,저스템,10500,283.4,82.63,1720000,44827,5732,2585,13.76,0,30.5,50.5,18060,18.1,-8.7,1,0,4,12400
264,마이크로프랜드,7300,124.3,1.17,3000000,36555,2265,5320,0,33.33,36.73,52.8,21900,-18.49,-14.12,1,0,4,5950
265,오에스피,8400,1582.84,1018.61,2056000,15695,2876,4673,4.66,0,45.06,34.48,17270,19.64,0,0,0,4,10050
266,씨에스베어링,8400,1246.86,699.67,2380000,50364,3232,4730,4.65,39.92,42.95,26.91,19992,6.55,0,1,0,4,8950
267,삼성바이오로직스(유가),136000,295.63,45.34,16541302,91278,1904946,165412,24.63,33.33,74.93,20,2249617,5.88,0,1,1,4,144000
268,디앤씨미디어,20000,539.1,563.1,1007000,18893,3012,2017,33.5,0,52.65,12.18,20140,36.5,0,1,0,3,27300
269,케이옥션,20000,1638.36,1408.33,1600000,24192,-2088,4454,36.8,20,50.7,23.24,32000,160,0,0,0,1,52000
270,두산밥캣(유가),30000,9.81,0.29,30028180,4040752,148133,50124,0,0,69.9,24,900845,19.67,-9.09,1,1,4,35900
271,산돌,18800,462.19,113.53,1490000,12025,432,3835,10.4,0,50.2,25.78,28012,10.9,0,1,0,4,20850
272,엘앤케이바이오,15000,220.1,317.14,1023000,28171,8469,5127,0,0,20.4,68.2,15345,-20.67,-16.67,1,0,4,11900
273,피엔케이피부임상연구센타,18300,1372.51,1727.11,2233000,12499,5376,3751,17.1,39.99,59.48,29.76,40864,46.45,0,1,0,3,26800
274,차백신연구소,11000,206.23,42.16,3950000,78,-6240,11194,1.93,0,40.29,42.57,43450,18.18,-26.67,1,0,4,13000
275,브릿지바이오테라퓨틱스,60000,58.85,33.52,700000,0,-40733,3112,0.06,0,26.9,60.29,42000,-9.5,-25,0,0,4,54300
276,포시에스,9100,344.23,1162.83,1300000,12847,4145,3106,0,0,51.12,36.2,11830,75.82,0,0,0,1,16000
277,전진바이오팜,10000,14.69,24.8,500000,3136,-3041,2366,27.2,0,10.58,70.24,5000,27.5,-41.18,1,0,4,12750
278,파티게임즈,13000,224.12,735.99,960000,27040,8748,2385,24.62,0,52.46,21.92,12480,130,0,1,0,4,29900
279,씨앤씨인터내셔널,47500,1029.14,898,1480000,81598,6637,590,5.28,40,74.5,24.26,70300,-13.37,0,1,0,2,41150
280,제노레이,23000,907.12,1028.72,601942,35467,2905,2211,32.59,24.34,33.7,60.1,13845,62.39,12.2,1,0,2,37350
281,센트랄모텍(유가),6000,862.63,580.5,2100000,313342,4469,4200,0,0,56.25,31.01,12600,65.67,0,1,1,4,9940
282,한독크린텍,15100,1117.61,728.28,700000,39627,4165,2010,8.77,0,55.12,44.36,10570,27.48,0,1,0,3,19250
283,애니젠,18000,93.9,812.5,700000,3722,-2574,2471,0,0,21.63,61.7,12600,-30,-30.77,1,0,4,12600
284,데브시스터즈,53000,651.66,285.28,2700000,61303,22326,5400,29.98,0,34.6,62.2,143100,15.09,6,1,0,4,61000
285,파워넷,6500,590.6,1144,3570748,137731,6114,12009,7.66,50,33.1,35.26,23210,19.23,0,0,0,2,7750
286,비즈니스온커뮤니케이션,9000,513.97,1075.91,1898000,11711,2626,4772,14.9,0,41.9,45.05,17082,55.56,0,1,0,4,14000
287,유니온커뮤니티,5000,134.5,1.96,2910000,39399,2008,6180,0,0,23.13,70.41,14550,-33.2,0,1,0,4,3340
288,하나머티리얼즈,12000,689.9,955.33,1940000,52713,7608,4729,49.73,0,47.3,33.74,23280,32.92,0,1,0,2,15950
289,유지인트,15000,643.7,857.34,2060000,43378,4884,5774,27.15,0,47.46,41.36,30900,65.33,7.14,1,0,2,24800
290,바이오솔루션,29000,174.79,302.62,1500000,5011,-1806,3829,5.04,0,21.46,73.05,43500,-1.72,0,1,0,3,28500
291,웹케시,26000,614,947,970000,77086,3679,3381,6.8,0,36.61,60.24,25220,9.62,0,1,0,1,28500
292,리파인,21000,64.19,5.95,4330000,54164,16067,1300,3.22,0,29.9,46.4,90930,-31.9,-12.5,1,0,4,14300
293,엠아이텍,4500,472.57,883.39,7000000,22541,2051,13728,0.42,50,72.85,25.13,31500,6,0,1,0,4,4770
294,엘아이지넥스원(유가),76000,121.11,4.74,6900000,1400164,50554,110000,21.5,0,46.4,25.1,524400,-4.21,0,1,1,4,72800
295,수산아이앤티(구.플러스기술),11500,157.55,12.97,1700000,14082,4296,3377,0.64,0,46.74,51.04,19550,30,0,1,0,4,14950
296,센코,13000,848.37,366.42,1612000,19835,-2411,3885,2.2,17.8,32.56,34.88,20956,17.31,0,1,0,4,15250
297,코난테크놀로지,25000,1482.6,1386.86,1200000,14001,1488,2840,7.07,0,39.17,23.69,30000,22.4,0,1,0,3,30600
298,지앤비에스엔지니어링,17400,1134.34,1479.87,1425000,42392,4554,3582,4.37,0,31.05,49.46,24795,10.34,0,1,0,4,19200
299,이지트로닉스,22000,1343.51,887.4,1980000,15349,3552,3982,2.94,0,45.78,44.84,43560,15.91,0,1,0,1,25500
300,티라유텍,12050,1240.9,1164.16,1125000,22771,1525,543,11.9,0,50.89,20.09,13556,71.37,0,1,0,4,20650
301,박셀바이오,30000,94.18,96.44,985160,0,-1254,3761,11.68,0,27.43,52.27,29555,-29,-14.29,1,0,3,21300
302,아주IB투자,1500,40.55,63.76,24400000,69732,13044,59357,0,50,67.1,24.12,36600,-23.33,-37.5,1,0,4,1150
303,넥스트칩,13000,1623.41,1727.38,2600000,10383,-13496,8692,11.58,0,46.02,35.77,33800,10,12.07,0,0,3,14300
304,미코바이오메드,15000,159.15,41.74,2500000,4098,-13172,8358,0.02,0,39.97,62.03,37500,-8.67,0,1,0,4,13700
305,아이티엠반도체,26000,1078.5,321.09,5050000,228237,18159,11411,15.8,8.71,67.56,30.27,131300,-5,0,1,0,4,24700
306,미투온,3800,73.1,1.15,7160708,14891,4303,14980,0,0,45,48.75,27211,16.97,-11.63,1,0,4,4445
307,에이프릴바이오,16000,14.43,4.76,1620000,0,-10220,10514,10.66,0,21.16,39.82,25920,36.56,-30.43,1,0,3,21850
308,유일로보틱스,10000,1756.45,2535.3,2150000,27952,2505,4290,15.92,0,48.65,27.44,21500,160,8.7,1,0,1,26000
309,알피바이오,13000,1556.04,1518.2,1200000,97923,4616,4039,11.12,0,61.03,34.88,15600,40.77,0,1,0,3,18300
310,에이치시티,17000,95.67,127.28,1136460,24454,4894,2289,11.6,0,38.2,54.6,19320,3.24,-24.44,1,0,4,17550
311,노바렉스,19000,48.64,631.42,960000,80854,8567,4501,18.99,0,33.9,40.64,18240,5.79,-20.83,1,0,4,20100
312,한컴라이프케어(유가),13700,418.99,109.8,8302321,151842,27690,5534,3.27,66.67,36.1,30,113742,-6.57,0,1,1,3,12800
313,씨앤투스성진,32000,1010.02,674.04,1600000,47481,-430,4732,1.7,0,41.15,57.66,51200,-10.31,0,1,0,1,28700
314,아우딘퓨쳐스,26000,182.6,2.99,1000000,25099,1733,2962,0,0,48.49,43.24,26000,-10.38,-13.33,1,0,3,23300
315,호전실업(유가),25000,40.43,331.3,1664670,289118,22535,4000,2.5,32.24,40.79,49.98,41617,-3,-28.57,1,1,1,24250
316,티에프이,10500,1295.18,87.78,2700000,71969,9849,1138,5.3,14.81,71.23,22.91,28350,-11.81,0,0,0,4,9260
317,코리아에셋투자증권,10000,945.66,231.78,1600000,165962,5507,31940,2.25,0,70.37,23.67,16000,-17.1,0,0,0,4,8290
318,엔지켐생명과학,56000,258.68,342.31,770000,21835,-6332,3811,13.25,0,20.38,78.54,43120,52.14,-20,1,0,1,85200
319,라닉스,6000,51.68,770.88,1600000,9811,661,4717,0,0,32.85,38.15,9600,34.83,-42.86,1,0,3,8090
320,미디어젠,10600,576.27,573.16,930000,13383,-533,2319,1.88,0,24.44,73.79,9858,-13.68,0,0,0,4,9150
321,유틸렉스,50000,597.2,322.96,727000,133,-9593,3631,18.63,0,38.41,43.89,36350,56.2,0,1,0,4,78100
322,세경하이테크,35000,10.71,1.2,1000000,176797,28640,2812,0,0,36.68,57.39,35000,-4.71,-32.69,1,0,3,33350
323,코리아오토글라스(유가),11000,57.68,430.14,8040000,429725,25480,100000,4.47,0,100,32.16,88440,23.64,-8.33,1,1,4,13600
324,영림원소프트랩,11500,1269.3,2493.57,1700000,37899,4127,4065,4.3,0,20,60.86,19550,18.7,0,1,0,3,13650
325,오킨스전자,7100,268.25,9.08,1832524,32552,1165,2156,0,0,30.06,62.46,13011,78.17,2.9,1,0,4,12650
326,샤페론,5000,26,9.39,2747000,0,-26543,11115,5.47,0,21.54,29.13,13735,72.6,-50.98,1,0,4,8630
327,공구우먼,20000,56.9,7.53,1400000,32683,4346,367,2.65,0,68.25,30.56,28000,0,-35.48,1,0,1,20000
328,알엔투테크놀로지,5800,570.26,1442.55,670000,10256,1696,3164,0,0,27.07,48.47,3886,50.86,0,1,0,2,8750
329,이노메트리,26000,765.22,791.16,1206277,14063,1177,2412,11.39,0,61.3,25.8,31363,13.65,4,0,0,4,29550
330,드림씨아이에스,14900,926.11,669.22,1354786,19200,3417,2709,6.82,0,65.16,26.23,20186,104.7,0,1,0,2,30500
331,지누스(유가),70000,45.68,0.63,3020860,621764,43609,7103,13.73,27.27,44.5,55.5,211460,18.57,-22.22,1,1,4,83000
332,이원다이애그노믹스,6500,749.79,810.33,7200000,1449,-3606,3589,27.87,0,34.52,48.75,46800,66.15,14.04,0,0,2,10800
333,녹십자엠에스,6000,474.11,477.08,2000000,61986,2178,4780,0,0,74.11,21.08,12000,72.5,3.45,1,0,4,10350
334,에스케이씨코오롱피아이,8000,23.01,45.53,12800000,133705,25690,14683,0,0,44.4,41.41,102400,-5.25,-46.67,1,0,4,7580
335,아이패밀리에스씨,25000,63.1,20.88,978000,79218,8747,2060,0,16.24,40.47,36.14,24450,1.6,-47.92,1,0,4,25400
336,휴젤,150000,6.7,91.63,360000,23269,10758,1642,8.61,0,26.41,46.78,54000,12.2,-28.57,1,0,4,168300
337,슈피겐코리아,27500,255.6,360.12,1850000,54240,9495,2165,30.86,0,65,32.5,50875,55.09,0,1,0,4,42650
338,범한퓨얼셀,40000,751.39,710.37,2136000,31900,3457,4380,10.75,0,51.36,35.83,85440,19.88,0,1,0,2,47950
339,코디엠,4700,39.79,599.99,1000000,38105,1914,1896,2.51,0,41.2,28.1,4700,29.79,-18.97,1,0,4,6100
340,화인베스틸(유가),4700,85.45,248.12,6433560,224271,16948,16050,0,0,37.4,50.28,30238,9.79,-7.84,1,1,3,5160
341,잇츠스킨(유가),170000,11.53,219.27,948317,241884,76331,4367,8.7,0,74,9.9,161214,-10.59,-32.81,1,1,4,152000
342,아스타,8000,18.4,484.52,1750000,364,-1924,4701,0,0,52.86,26.6,14000,57.5,-55.56,1,0,1,12600
343,성일하이텍,50000,2269.68,1207.1,2670000,65939,-2998,5947,38.66,0,32.98,34.57,133500,76.4,5.26,1,0,3,88200
344,티쓰리엔터테인먼트,1700,1744.08,1384.3,17000000,68666,10106,6558,4.03,0,35.39,31.58,28900,22.65,0,1,0,4,2085
345,한화시스템(유가),12250,23.61,16.84,32861424,1128925,41242,551151,4.24,75.16,62.4,23.85,402552,-9.39,-12.5,1,1,4,11100
346,타이거일렉,6000,230.02,241.92,1543000,25327,2694,2290,1.36,0,64.2,25.7,9258,23.83,-13.04,1,0,3,7430
347,퓨쳐켐,15000,62.51,473.9,1400000,1447,-24584,2811,0,0,22.1,63.64,21000,-26.33,-31.82,1,0,4,11050
348,하이즈항공,18000,47.27,3.08,4375000,31291,3109,8723,0.89,0,45.34,44.51,78750,-6.67,-30.77,1,0,4,16800
349,메가엠디,3000,16.67,280.82,5372464,61775,5146,10200,7.5,0,62.21,31.73,16117,26.67,-34.78,1,0,4,3800
350,아진엑스텍,7000,478.65,876.27,1000000,18913,3278,2815,0,0,42.03,53.43,7000,0.86,16.67,1,0,3,7060
351,옵토팩,5900,397.4,371.21,700000,31661,-356,2409,2.82,0,34.61,64.91,4130,36.78,0,0,0,3,8070
352,에이치엔티일렉트로닉스,10000,132.1,996.23,1350000,90441,1788,3465,0,0,38.85,58.62,13500,5.5,-37.5,1,0,4,10550
353,위세아이텍,12000,1105.93,1076.62,850000,16549,1505,2146,6.95,0,40.74,58.27,10200,3.33,7.14,0,0,1,12400
354,씨앤지하이테크,16000,249.23,625.64,1288000,44345,5498,2101,0,0,35.76,54.79,20608,16.56,-20,1,0,1,"18,650"
355,에스씨엠생명과학,17000,1032.17,814.91,1800000,29,-40095,5870,7.7,0,26.24,37.57,30600,112.35,0,1,0,2,"36,100"
356,NS쇼핑(구.농수산홈쇼핑)(유가),235000,302.59,236.82,878181,347135,54619,16848,15.66,0,40.71,53.93,206373,-8.3,0,1,1,1,"215,500"
357,제일홀딩스,20700,113.98,20.67,20381000,6196498,371783,7071,2.88,0,66.5,33.5,421887,-7.97,-8.81,1,0,2,"19,050"
358,멕아이씨에스,4500,3.77,174.29,550000,8547,-32,2680,0,0,33.77,62.15,2475,46.67,-50,1,0,4,"6,600"
359,제주맥주,3200,1356.43,1747.82,8362000,7317,-13955,27997,5.47,0,22.5,32.16,26758,53.12,10.34,0,0,2,"4,900"
360,라온테크,18000,1526.2,779.1,500000,12632,-1432,2443,8.9,0,39.76,53.46,9000,13.89,13.92,1,0,2,"20,500"
361,프레스티지바이오로직스,12400,369.91,126.06,7350000,185,-22057,21425,6.5,0,39.64,48.21,91140,15.32,0,1,0,1,"14,300"
362,플라즈맵,7000,39.78,2.76,1771000,6349,-21682,8853,1.91,0,16.13,45.62,12397,-4.29,-22.22,1,0,4,"6,700"
363,모델솔루션,27000,1725.78,1514.8,1000000,60079,7086,3198,8.12,0,62.92,15.23,27000,14.44,0,1,0,4,"30,900"
364,서플러스글로벌,8000,81.31,548,4650000,94114,8975,1849,1.04,3.23,65.12,32.62,37200,-10.75,-14.89,1,0,1,"7,140"
365,씨티케이코스메틱스,55000,188.65,145.75,2000000,133888,23325,5061,6.6,0,65.12,30.44,110000,-23.09,0,1,0,4,"42,300"
366,제이앤티씨,11000,1077.88,3.48,11000000,229357,28114,28924,6.72,0,71.38,27.87,121000,-5.91,4.76,1,0,1,"10,350"
367,진시스템,20000,934.07,354.58,1425000,1135,-4041,3405,1.5,0,24.23,41.06,28500,-13,0,1,0,2,"17,400"
368,디티앤씨(구.디지털이엠씨),18500,559.02,620.63,2137000,20236,4519,4687,74.3,0,45.3,18.62,39535,40.81,0,1,0,4,"26,050"
369,아스트,9500,74.59,4.11,2854681,60885,-6517,4151,5.74,0,19.54,58.8,27119,-5.26,-5,1,0,4,"9,000"
370,넷마블게임즈(유가),157000,240.74,29.17,16953612,878658,60791,8473,47.1,0,25.49,20.72,2661717,3.18,0,1,1,2,"162,000"
371,아이티아이즈,14300,1601.14,633.61,1777000,51314,3015,2988,9.11,6.75,59.06,23.78,25411,40.21,0,1,0,4,"20,050"
372,세화아이엠씨(유가),16300,216.35,731.79,1310500,220665,4108,5667,10.45,0,29.61,49.08,21361,1.23,0,1,1,1,"16,500"
373,쿠쿠전자(유가),104000,598.86,175.1,2450840,508758,57440,4901,65.18,0,75,20,254887,99.04,0,1,1,3,"207,000"
374,나무가,37000,108.34,0.91,878000,218331,1822,1462,3.62,0,65.29,30.84,32486,-10.81,0,0,0,4,"33,000"
375,엔피디,5400,307.5,32.65,7550000,259266,8574,10767,8.78,0,64.08,34.81,40770,-30.09,-14.29,0,0,1,"3,775"
376,로고스바이오시스템스,25500,190.16,208.48,708096,3870,-250,1780,0.53,0,50.8,34.48,18056,-16.27,0,1,0,4,"21,350"
377,큐알티,44000,86.97,7.44,990500,71905,12486,1992,0.21,0,61.6,24.86,43582,-12.84,-30.05,1,0,4,"38,350"
378,선익시스템,37000,7.87,0.73,1875000,143709,23612,3000,0,33.33,50.07,49.16,69375,-19.59,-15.91,0,0,3,"29,750"
379,에이치엘사이언스(구.건강사랑),27000,274.19,174,1511125,23705,3521,2571,5.6,29.78,69.11,27.52,40800,41.48,-12.05,1,0,4,"38,200"
380,네패스아크,26500,707.7,830.21,2340400,54719,4653,5252,1.6,0,70.37,29.63,62021,46.04,0,1,0,4,"38,700"
381,에이치와이티씨,15000,1480.78,432.58,2260000,35745,7479,3874,6.08,0,37.93,39,33900,5.67,0,0,0,3,"15,850"
382,아모그린텍,9900,164.22,22.13,4128000,111297,-5238,8248,3.05,20.01,57,35.7,40867,3.03,0,1,0,1,"10,200"
383,해태제과식품(유가),15100,342.99,264.9,5830000,689963,4275,13764,24.63,0,57.66,26.4,88033,62.91,0,1,1,2,"24,600"
384,픽셀플러스,30000,131.67,68.09,1000000,123937,20127,3883,2.25,0,32.04,67.91,30000,-3.33,-18.92,1,0,2,"29,000"
385,케이카(유가),25000,40,8.72,16830288,1323114,24130,24043,0,92.86,100,22.4,420757,-8,-42.13,1,1,4,"23,000"
386,핀텔,8900,558.92,6.42,2000000,4886,-24,4978,8.74,0,57.79,19.08,17800,21.91,0,0,0,4,"10,850"
387,에이비엘바이오,15000,60.08,0.78,6000000,71,-74734,22293,10.99,0,32.92,51.02,90000,-9,-11.76,1,0,4,"13,650"
388,풍원정밀,15200,1556.53,2235.98,3000000,37117,592,10520,11,0,74.79,18.98,45600,41.12,0,0,0,1,"21,450"
389,동양피스톤(유가),5700,62.8,20.36,3300000,298002,9214,6584,0,0,51.4,43.59,18810,-15,-21.92,0,1,4,"4,845"
390,퀀타매트릭스,25500,185.56,167.87,1707000,811,-63811,7294,4.6,0,15.29,40.46,43529,-5.49,0,1,0,4,"24,100"
391,탑머티리얼,30000,451.49,11.95,2000000,31904,4284,3992,30.96,0,58.59,30.97,60000,23.33,0,1,0,4,"37,000"
392,유니트론텍,14000,455.8,1112.76,655000,86379,5657,1655,21.7,0,35.06,59.11,9170,77.5,0,1,0,1,"24,850"
393,아이디피,9800,894,1149.83,1600000,23230,2916,3318,7.4,20.62,45.2,29.12,15680,27.55,0,1,0,3,"12,500"
394,뷰노,21000,1457.21,1102.7,1800000,162,-5913,1112,23.8,0,21,38.1,37800,53.1,7.69,1,0,1,"32,150"
395,더블유게임즈,65000,413.82,241.18,4272450,71257,27908,8544,14.66,0,43.3,49.98,277709,-3.85,6.56,1,0,4,"62,500"
396,에이피위성통신,9700,271.55,869.66,3258000,34571,7042,6548,7.8,0,23.78,40.9,31603,10.82,0,1,0,1,"10,750"
397,로지시스,2500,345.68,396.82,3174050,32026,1745,4670,13.28,0,64.47,34.51,7935,117.2,0,1,0,3,"5,430"
398,보로노이,40000,28.35,5.57,1300000,6180,-26491,6319,0,0,47.86,25.6,52000,-26.62,-13.04,1,0,2,"29,350"
399,윙입푸드,2000,131.15,0.71,10200000,82064,16388,0,0,0,59.93,35.53,20400,17,-33.33,0,0,4,"2,340"
400,마인즈랩,30000,197.55,89.9,604459,11292,-20386,3022,19.74,0,26.21,41.91,181134,26.67,0,1,0,4,"38,000"
401,아스플로,25000,2142.7,2818.08,630000,44784,6964,2222,12.1,0,54.6,42.7,15750,13.4,13.64,1,0,4,"28,350"
402,바이오다인,30000,1364.85,48.36,1000000,4089,-2026,3084,8.8,0,52.04,29.24,30000,42,4.53,0,0,1,"42,600"
403,오픈엣지테크놀로지,10000,44.25,78.17,3636641,5186,-14608,2087,15.85,14.76,18.1,25.53,36366,0.5,-44.44,1,0,3,"10,050"
404,노터스,20000,699.46,22.31,500000,36308,3747,7,0.59,0,48.79,36.25,10000,82.5,0,0,0,4,"36,500"
405,파멥신,60000,764.16,322.78,800000,209,-6483,3402,18.81,0,18.8,54.03,48000,6,9.09,1,0,4,"63,600"
406,툴젠,70000,29.54,164.13,1000000,713,-14882,3926,0.1,0,15.69,63.65,70000,30.14,-41.67,1,0,4,"91,100"
407,아시아종묘,4500,239.52,243.2,1000000,21313,2409,4607,4.39,0,65.15,65.15,4500,1.56,-13.46,0,0,1,"4,570"
408,애경산업(유가),29100,24.3,6.73,6800000,506780,21546,26122,8.51,29.41,62.83,23.8,197880,16.84,-14.66,0,1,1,"34,000"
409,솔트룩스,25000,528.17,953.53,750000,15335,145,2515,5.58,0,16.62,40.64,18750,37.2,-16.67,1,0,3,"34,300"
410,하이로닉,51000,500.56,219.96,550000,13420,3096,1387,22.7,0,49.87,37.14,28050,43.73,7.59,1,0,4,"73,300"
411,현대에너지솔루션(유가),18000,26.63,126.68,4000000,347623,18614,56000,3.07,0,100,22.86,72000,-3.89,-35.71,1,1,4,"17,300"
412,에이피티씨,9000,20.99,22.69,2300000,41122,10850,2323,8.7,0,30.2,56.4,20700,-11.33,-30.77,0,0,3,"7,980"
413,엘비루셈,14000,1419.23,824.51,6000000,209770,17105,12300,4.48,33.33,48.8,22.47,84000,8.57,0,1,0,2,"15,200"
414,플레이디,8500,1270.7,864.8,3689320,34711,6038,6413,7.55,0,70.38,23.04,31359,3.53,10.39,1,0,1,"8,800"
415,씨에스윈드(유가),43500,109.3,66.4,5900000,296488,26861,8642,1.79,0,52.16,27.96,256650,-23.45,0,1,1,4,"33,300"
416,명성티엔에스,20000,745.56,804.79,1600000,64575,5857,3185,11.73,37.5,61.97,30.14,32000,43,6.95,1,0,3,"28,600"
417,브이원텍,17700,557.47,754.31,1829000,24455,7969,3683,8.3,20.01,54.5,36.38,32373,6.78,0,1,0,3,"18,900"
418,힘스,20000,729.64,795.94,800000,50876,4951,2484,27.48,0,38.37,39.71,16000,65,6.38,1,0,3,"33,000"
419,나노씨엠에스,20000,1295.75,1243.48,800000,3978,-1691,2104,6.65,0,20.71,44.25,16000,19.75,8.11,1,0,1,"23,950"
420,레이저쎌,16000,1442.95,1845.11,1600000,3879,-7665,4212,12.43,0,20.98,44.19,25600,8.44,14.29,1,0,2,"17,350"
421,펄어비스,103000,62.4,0.43,1800000,33690,24425,6033,6.22,0,59.34,28.04,185400,-3.98,0,1,0,3,"98,900"
422,세미콘라이트,11300,187.7,143.52,1040558,48137,6246,2064,4.5,0,33.18,54.9,11758,32.3,-17.52,1,0,2,"14,950"
423,디케이앤디,6000,256.3,975.69,1800000,33757,-563,3800,0,35.56,45.8,31.9,10800,3.83,-9.09,1,0,4,"6,230"
424,화승엔터프라이즈(유가),15000,48.46,0.43,7840000,0,-1,13464,0.21,20.92,70,23.02,117600,-0.33,-9.09,1,1,4,"14,950"
425,제이에스코퍼레이션(유가),23000,433.6,477.76,3283132,162608,20087,1313,35.9,0,55.85,20.7,75512,64.13,0,1,1,1,"37,750"
426,피엔에이치테크,18000,1454.47,1528.76,688000,7127,-7627,1997,9.58,27.33,38.44,46.97,12384,32.5,5.88,1,0,1,"23,850"
427,랩지노믹스,13200,423.83,305.88,250000,16968,1260,2056,0,0,20.85,77.62,3300,7.95,0,1,0,4,"14,250"
428,에어부산(유가),3600,23.89,36.5,5207000,561657,28464,52070,0.4,60.25,44.38,53.62,18745,45,-10,1,1,4,"5,220"
429,아톤,43000,810.88,653.96,897188,28033,4096,2107,9.5,20,27.06,45.68,38579,-0.35,0,1,0,4,"42,850"
430,대유,9000,148.39,11.65,3080000,28494,5458,4526,0,3.9,55.12,38.66,27720,37.78,-10,1,0,3,"12,400"
431,삼양옵틱스,16700,33.2,2.88,4000000,57221,13419,5000,8.7,0,100,37.73,66800,0.6,-18.93,1,0,2,"16,800"
432,코윈테크,34500,163.54,0.48,2000000,76832,10339,4500,0.9,0,53.32,31.47,69000,-36.96,0,1,0,3,"21,750"
433,한솔씨앤피,13000,136.97,789.84,900000,50873,3745,1730,5.97,0,78.95,39.8,11700,50.77,-22.62,1,0,1,"19,600"
434,하이셈,1500,50.03,72.16,4356000,32368,2121,6533,0,0,21.5,57.99,6534,48,-21.05,1,0,4,"2,220"
435,인카금융서비스,18000,13.69,25.29,879800,301025,11288,2568,4.19,31.8,40.26,43.4,15836,-20,-33.33,1,0,1,"14,400"
436,켄코아에어로스페이스,10000,120.75,256.68,1572330,28937,-9409,5254,2.55,16.43,39.44,39.67,15723,2.5,-33.33,1,0,1,"10,250"
437,이엘피,20000,527.12,738.15,800000,16079,3204,2419,11.26,0,22.3,68.9,16000,12,0,1,0,2,"22,400"
438,미래테크놀로지,16100,117.3,1.5,1500000,17388,3897,2000,5.7,0,33.6,26.4,24150,-14.91,0,1,0,4,"13,700"
439,아이티센,7500,54.13,2.63,1000000,112424,2062,1630,0,0,47.26,46.95,7500,16.93,-11.76,0,0,4,"8,770"
440,메디아나,6200,86,12.88,1440000,33262,3038,3610,0,0,52.84,41.32,8928,-5.65,-4.62,1,0,4,"5,850"
441,디알젬,6500,785.43,832.96,1500000,49324,4132,5662,1.05,0,42.98,28.65,9750,4,-7.14,1,0,4,"6,760"
442,바이브컴퍼니,28000,1221.45,1266.22,650000,16298,-777,2697,7.96,0,40.4,43.56,18200,11.79,0,1,0,4,"31,300"
443,에프엔씨엔터테인먼트,28000,185.35,577.37,1400000,24838,1691,3158,9.91,0,64.05,28.5,39200,-1.43,0,0,0,4,"27,600"
444,더블유씨피,60000,33.28,7.25,9000000,111875,-31178,16848,4.24,18.44,35.91,39.06,540000,-30.5,-40,1,0,3,"41,700"
445,아이큐어,65000,642.1,331.42,1200000,35674,240,3061,5.08,0,28.01,62.93,78000,-6.77,18.18,1,0,3,"60,600"
446,앱코,24300,1141.02,978.13,2507000,84271,3474,4844,3.64,19.94,36.64,43.12,60920,18.93,0,1,0,4,"28,900"
447,노바텍,10000,66.32,326.67,1450000,21284,3975,2313,0.03,30,70.25,24.82,14500,83,-39.39,1,0,4,"18,300"
448,윌링스,12500,1082.15,532.83,1382000,54327,4294,2431,18.18,29.96,61.48,24.16,17275,136.8,0,0,0,3,"29,600"
449,네오펙트,11000,338.01,400.8,1800000,7288,160,5937,0.89,0,29.74,44.54,19800,-30,-12,1,0,4,"7,700"
450,노랑풍선,20000,978.43,1025.2,1000000,83822,10436,2382,12.42,26.44,26,27.72,20000,70.75,5.26,1,0,1,"34,150"
451,롯데렌탈(유가),59000,217.63,65.81,14422000,2100809,23307,183170,14.65,50,37.8,31.49,850898,-5.93,0,1,1,3,"55,500"
452,엔켐,42000,1647.4,1275.69,2262625,138888,501,7553,64.45,0,29.18,38.1,95030,90.48,20,0,0,1,"80,000"
453,디에이테크놀로지,6600,55.28,488.77,1434000,28863,2081,2888,1.81,0,55.79,48.8,9464,0.45,-22.35,0,0,4,"6,630"
454,코스메카코리아,54000,573,391.4,1340000,99150,5027,2670,30.8,0,70.5,32.68,72360,15.74,0,1,0,4,"62,500"
455,웹스,7200,438.83,1114.21,1600000,27878,3328,3367,33.54,0,49.31,44.4,11520,11.11,0,1,0,3,"8,000"
456,케이엔제이,11000,1144.3,1104.68,875472,51107,1698,2931,5.5,0,31.6,46.3,9630,35.45,0,1,0,4,"14,900"
457,올리패스,20000,11.07,419.4,800000,488,-27825,6937,0.4,0,42.81,49.07,16000,24,-55.56,1,0,3,"24,800"
458,티에스인베스트먼트,1300,30.87,2.02,5700000,5975,2517,11210,0,11.4,60.39,38.85,7410,46.92,-16.13,1,0,4,"1,910"
459,금호에이치티(유가),10000,46.05,32.87,4495950,175222,13520,4600,8,0,37,16.95,44960,-11.4,-36.31,1,1,4,"8,860"
460,에스디생명공학,12000,26.66,2.38,4800000,74656,18361,11032,0,33.33,57.13,41.78,57600,1.67,-33.33,1,0,1,"12,200"
461,바이오에프디엔씨,28000,74.01,4.74,1300000,8640,2461,4347,11.8,0,31.28,37.44,36400,-20.71,-3.45,0,0,1,"22,200"
462,에이에프더블류,22500,866.03,552.22,3921600,30330,8713,5156,13.72,47.37,51.8,37.07,88236,-3.33,0,1,0,3,"21,750"
463,에이치케이이노엔,59000,1871.36,388.9,10117000,515289,67061,14452,13.49,42.86,42.16,28,596903,16.1,0,1,0,3,"68,500"
464,압타바이오,30000,856.41,663.03,2180000,300,-31123,5440,35.1,0,35,55.14,65400,29.67,20,1,0,2,"38,900"
465,엠투아이,15600,61.7,176.83,3335000,24715,6003,839,1.6,74.96,57.55,38.56,52026,1.92,-17.46,1,0,3,"15,900"
466,펌텍코리아,190000,5.75,0.51,640000,151070,20776,941,0,96.9,61.5,30.38,121600,-19.84,-29.63,1,0,3,"152,300"
467,와이팜,11000,407.01,712.13,7428272,125429,11334,16713,8.01,50,27.25,24.54,81711,70.91,0,1,0,3,"18,800"
468,씨이랩,35000,1371.37,195.53,650000,7089,62,1478,12.97,0,56,42.93,22750,16.57,12.9,0,0,1,"40,800"
469,휴네시온,10000,751.89,827.74,1390530,13193,2995,2401,8.9,14.38,47.1,32.5,13905,63.5,0,1,0,3,"16,350"
470,엔바이오니아,8200,425.8,910.32,1110000,8545,648,3712,3.8,0,33.22,49.92,9102,47.56,-20.39,1,0,4,"12,100"
471,신라젠,15000,74.98,172.52,10000000,3579,-41522,30808,0,0,13.85,75.14,150000,-14.33,-16.67,1,0,4,"12,850"
472,프롬바이오,18000,85.71,48.24,3000000,108045,-7813,1383,1.45,18.33,41.2,43.6,54000,10.28,-26.53,1,0,3,"19,850"
473,디티앤씨알오,17000,74.53,5.73,1400000,32749,4328,2436,0,0,45.51,35.69,23800,-18.53,-32,1,0,4,"13,850"
474,대림씨엔에스(유가),27700,85.25,25.5,4456181,257906,19318,12731,15.9,0,62.5,30.5,123436,-16.06,0,1,1,1,"23,250"
475,핸즈코퍼레이션(유가),12000,57.64,6.99,5482000,621338,8263,10823,1.73,8.57,74.68,20.26,65784,-24.17,-14.29,1,1,4,"9,100"
476,아이쓰리시스템,36000,768,1506.57,500000,30914,5314,1401,37.6,0,48,29.7,18000,61.11,14.29,1,0,3,"58,000"
477,마이크로디지탈,23000,621.48,1116.34,700000,4554,-30,1815,2.29,0,34.34,36.7,16100,70,0,1,0,2,"39,100"
478,에스와이패널,5000,4.88,363.49,2135922,151338,2046,3100,0,0,25,42.5,10680,22.2,-37.5,1,0,4,"6,110"
479,에이디테크놀로지,15000,33.19,12.4,1000000,42419,3042,2004,7.53,0,36.35,49.26,15000,-6.67,-16.67,1,0,4,"14,000"
480,베셀,9000,437.68,680.95,600000,57174,6060,2316,0,0,32.77,66.5,5400,15.56,0,1,0,2,"10,400"
481,모아데이타,20000,114.19,23.39,800000,13785,2093,2680,0.87,0,34.47,43.17,16000,-19.75,-28.57,1,0,1,"16,050"
482,가온칩스,14000,1847.12,2183.29,2000000,17098,1852,5744,14.7,0,60.17,28.65,28000,93.57,7.69,0,0,2,"27,100"
483,휴메딕스,28000,688.8,571.55,1000000,23544,9137,2586,35.18,0,39.16,55.16,28000,40,9.8,1,0,4,"39,200"
484,오가닉티코스메틱,4000,672.02,672.42,14300000,136188,34661,0,11.3,0,67.13,25.12,57200,43.25,8.11,0,0,4,"5,730"
485,비나텍,33000,1098.1,1386.85,600000,42763,4405,2435,22.47,0,38.53,44.75,19800,23.48,3.12,0,0,3,"40,750"
486,매직마이크로,5500,75.03,36.57,1600000,53279,3413,3111,1.33,0,50.3,45.8,8800,-11.82,-14.06,1,0,4,"4,850"
487,리드,5100,42.89,45.64,781580,40483,2004,2310,7,0,21.56,68.16,3986,-22.65,0,1,0,4,"3,945"
488,코리아센터,18000,37.77,4.13,2545490,189670,4874,2545,6.04,9.09,69.5,12.02,45819,26.94,-33.82,1,0,4,"22,850"
489,더네이쳐홀딩스,46000,97.21,151.9,1200000,235344,16142,3591,8.46,16.67,37.93,53.3,55200,-6.52,-8,1,0,3,"43,000"
490,신신제약,4500,40.88,72.5,3250000,51614,3886,7585,0.06,0,61.4,33.56,14625,78.22,-32.84,1,0,1,"8,020"
491,디케이티,7400,771.42,780.32,2019400,117043,4611,4038,3.5,0,58.31,28.55,14944,42.57,0,1,0,4,"10,550"
492,에스엔텍,6500,189.14,22.9,1100000,32465,3473,2700,19.88,0,52.58,44.2,7150,100,3.17,1,0,2,"13,000"
493,엘앤씨바이오,24000,937.08,985.59,1000000,17901,3753,3617,17.27,0,33.07,48.73,24000,12.29,20,1,0,4,"26,950"
494,샘씨엔에스,6500,1537.67,1104.29,12000000,20985,556,25076,26.07,16.67,71,27.21,78000,28,14.04,0,0,2,"8,320"
495,지니언스,13500,620.04,922.71,830000,20615,3658,2427,14.5,0,50.44,38.56,11205,12.59,0,1,0,3,"15,200"
496,아이엠텍,7500,112.3,138.9,4300000,46553,5180,8393,25,0,36.02,45.7,32250,64.67,0,1,0,1,"12,350"
497,노을,10000,31.5,8.7,1500000,295,-8975,5726,0,0,38.76,32.87,15000,-7.9,-41.18,1,0,1,"9,210"
498,서진시스템,25000,588.93,742.06,1430000,36021,6491,2987,36.65,9.09,44.61,29.05,35750,49.4,0,1,0,1,"37,350"
499,이엔드디,14400,1168.72,808.62,2340000,58313,6194,4676,8.99,0,26.44,71.06,33696,45.83,0,0,0,3,"21,000"
500,케이피에스,14000,75.3,452.96,1079268,17547,2555,2135,0,0,39.04,53.4,15110,0,-30,1,0,3,"14,000"
501,에스브이인베스트먼트,7000,786.73,974.23,3900000,10450,2113,13308,4.7,0,45,52.3,27300,10.14,11.11,1,0,3,"7,710"
502,에이치피오,22200,252.13,95.01,3987632,58604,8761,9969,4.12,25,70.03,26.51,88525,-24.55,-12.6,0,0,2,"16,750"
503,원준,65000,1464.1,1623.28,1004807,64030,4412,502,44.3,0,40.6,38.91,65312,33.85,8.33,1,0,4,"87,000"
504,싸이버원,9500,1303.1,1880.43,1361000,22372,1903,2320,9.7,55.91,41.2,41.8,12930,123.16,14.46,1,0,1,"21,200"
505,스톤브릿지벤처스,8000,20.06,22.73,4500000,24509,12819,8939,0,40,66.2,22.75,36000,-18.62,-23.81,1,0,1,"6,510"
506,에스엔피월드,5100,534.27,661.5,2000000,27164,3856,3938,4.97,0,71.27,24.76,10200,3.33,0,0,0,3,"5,270"
507,제이엘케이인스펙션,9000,69.81,8.49,2000000,363,-6277,1489,0,0,25.81,47.57,18000,0,-37.93,1,0,4,"9,000"
508,클리노믹스,13900,494.2,341.46,1972323,4101,-5760,1320,2.05,0,24.14,46.79,27415,36.69,0,0,0,4,"19,000"
509,바이오리더스,15000,352.2,1222.58,1200000,1167,-5429,6177,6.5,0,14.2,67,18000,-5.33,0,1,0,3,"14,200"
510,푸드나무,24000,791.08,914.05,1555810,34826,3922,3403,16.5,13.04,74.3,22.2,37339,41.67,5.73,1,0,4,"34,000"
511,덕산테코피아,19000,348.63,1.96,4061847,70930,18783,9188,7.17,20.7,58.06,24.5,77175,-17.89,0,1,0,3,"15,600"
512,코미코,13000,580.68,745.44,2500000,38664,7157,4037,30.91,60,43.34,35.29,32500,65.38,0,1,0,1,"21,500"
513,오파스넷,11000,861.66,1401.36,1008000,71416,3080,2012,14.22,0,57.37,41.38,11088,29.09,13.4,0,0,3,"14,200"
514,이오플로우,19000,150.87,686.71,1400000,0,-9389,1113,14.83,0,21.75,57,26600,5.26,-9.52,1,0,3,"20,000"
515,알에스오토메이션,6000,656.89,1058.82,2438000,70698,3004,4551,61,0,40.78,29.92,14628,158.33,0,1,0,3,"15,500"
516,천보,40000,891.1,426.09,2500000,87606,14822,5000,15.8,20,46,35.68,100000,19.12,0,1,0,1,"47,650"
517,핸디소프트,5600,262.22,1170.44,1900000,41632,3886,3729,0,0,56.41,39.01,10640,28.93,0,1,0,4,"7,220"
518,안트로젠,24000,531.1,1442.55,700000,1834,-1416,3731,30.6,0,43.35,44.14,16800,62.92,9.09,1,0,1,"39,100"
519,우리손에프앤지,2210,455.1,638.97,18211530,155022,14990,30578,40.4,50,69.4,26.88,40247,31.67,0,1,0,3,"2,910"
520,지노믹트리,27000,372,13.1,4000000,454,-2113,9993,22.8,0,22.15,44.69,108000,1.11,8,1,0,1,"27,300"
521,보광산업,4000,15.47,172.98,3000000,31521,3930,5745,0,0,69.63,22.63,12000,57.75,-42.86,1,0,4,"6,310"
522,슈프리마아이디,27000,1124.05,707.26,864000,18081,3571,1496,13.14,23.37,62.3,28.87,23328,3.7,0,1,0,3,"28,000"
523,세진중공업(유가),3500,8.89,2.29,5729850,567935,17912,19141,26.5,0,64.2,32.8,20054,-10.43,-10.26,1,1,4,"3,135"
524,덕우전자,15500,282.69,586.43,2500000,76328,10785,4055,11.35,40,51.73,28.82,38750,2.26,0,1,0,3,"15,850"
525,삼양패키징(유가),26000,16.73,2.74,4595450,310125,24220,71049,0.36,0,51,25.87,119482,-8.46,-13.33,1,1,4,"23,800"
526,퓨전데이타,11500,345.36,572.56,1000000,18784,2766,1681,12.05,0,43.17,26.76,11500,72.17,0,1,0,4,"19,800"
527,위니아에이드,16200,955,111.26,5366087,418527,24895,7696,1.39,0,64.56,33.3,86931,-32.1,0,1,0,2,"11,000"
528,에코마이스터,5200,15.54,213.78,1340000,19968,526,5394,0,25.37,14.09,76.04,6968,15.96,-38.82,0,0,1,"6,030"
529,대성하이텍,9000,1934.89,1136.4,3322560,112579,7412,1057,4.57,21.75,48.97,34.15,29903,62.22,0,1,0,3,"14,600"
530,태웅로직스,4500,1024.98,618.52,5000000,24394,7318,1765,2.53,0,25.4,22.66,22500,35.78,0,0,0,4,"6,110"
531,한국유니온제약,18000,918.99,1015.13,1500000,47470,4420,2931,9.4,0,12.29,56.86,27000,8.33,12.5,0,0,3,"19,500"
532,에이플러스에셋어드바이저(유가),7500,3.66,24.75,2798086,269373,15385,11303,25.4,59.04,20.06,65.4,20986,-8.27,-39.02,1,1,4,"6,880"
533,제테마,21000,12.41,590.02,960000,11208,-15752,4064,0,0,30.86,49.23,20160,6.9,-56.25,1,0,4,"22,450"
534,네오크레마,8000,96.6,1.59,1550000,21745,3562,3628,0,0,48.13,34.27,12400,4.62,-30.43,1,0,3,"8,370"
535,레이,20000,1013.19,779.56,1000000,47565,6779,2811,10.27,0,34.38,39.25,20000,23.75,0,1,0,3,"24,750"
536,핌스,19000,1210.28,1161.84,2000000,37783,5544,3632,4.39,30,37.99,50.04,38000,-3.68,0,0,0,3,"18,300"
537,와이엠티,21000,706.16,841.57,562627,49939,7742,1801,42.75,11.13,46.52,37.69,11815,47.86,13.51,1,0,2,"31,050"
538,젠큐릭스,22700,77.03,12.35,1000000,267,-5649,2696,0,0,17.71,46.53,22700,-4.63,-13.03,1,0,2,"21,650"
