id,hour,기온,강수확률,풍속,습도,가시성,오존,pm10,pm2.5,count,busy_hour
45,0,11.7,0.0,3.5,80.0,895,0.044,58,31,34.0,0
126,0,15.5,0.0,0.9,30.0,2000,0.004,51,32,76.0,0
183,0,18.5,0.0,0.9,46.0,1848,0.008,69,44,69.0,0
223,0,18.6,0.0,0.3,58.0,554,0.053,110,63,104.0,0
230,0,11.4,1.0,2.8,84.0,350,0.012,69,59,17.0,0
249,0,16.6,0.0,2.3,47.0,1048,0.074,76,41,89.0,0
403,0,19.5,0.0,2.4,55.0,2000,0.003,34,22,98.0,0
433,0,14.5,0.0,2.2,67.0,1661,0.033,47,18,62.0,0
446,0,17.7,0.0,1.1,36.0,1111,0.027,155,35,78.0,0
501,0,10.0,0.0,0.5,50.0,830,0.026,82,70,46.0,0
506,0,15.3,0.0,1.2,87.0,391,0.015,75,35,91.0,0
539,0,17.2,0.0,1.8,35.0,2000,0.043,24,19,137.0,0
559,0,15.4,0.0,2.4,41.0,2000,0.035,26,11,80.0,0
570,0,14.3,0.0,2.0,49.0,2000,0.044,37,20,58.0,0
691,0,17.9,0.0,0.7,87.0,582,0.004,32,25,30.0,0
729,0,13.8,0.0,3.2,69.0,518,0.042,79,46,46.0,0
748,0,14.8,0.0,1.2,64.0,2000,0.042,28,16,78.0,0
790,0,11.7,0.0,1.3,76.0,733,0.031,68,29,79.0,0
837,0,12.4,0.0,2.6,55.0,965,0.059,81,54,51.0,0
877,0,11.1,0.0,2.3,72.0,1290,0.04,48,25,66.0,0
936,0,11.5,0.0,1.0,74.0,2000,0.026,26,22,40.0,0
938,0,12.8,0.0,1.8,79.0,733,0.008,46,38,75.0,0
984,0,14.9,0.0,2.4,35.0,2000,0.034,55,20,68.0,0
994,0,17.6,0.0,1.2,73.0,665,0.038,57,36,80.0,0
1039,0,14.4,0.0,3.0,75.0,1629,0.022,32,20,67.0,0
1054,0,12.8,0.0,1.3,85.0,830,0.035,41,21,87.0,0
1157,0,9.0,0.0,2.6,52.0,2000,0.034,57,21,44.0,0
1193,0,20.3,0.0,2.3,55.0,1731,0.017,58,31,94.0,0
1220,0,7.5,0.0,1.2,56.0,962,0.031,75,64,36.0,0
1244,0,12.2,0.0,2.5,23.0,2000,0.036,66,19,46.0,0
1246,0,18.5,0.0,0.6,45.0,1345,0.055,62,36,121.0,0
1252,0,11.0,0.0,0.9,72.0,920,0.015,83,38,64.0,0
1260,0,15.6,0.0,2.3,62.0,1433,0.023,56,36,93.0,0
1307,0,19.1,0.0,1.4,61.0,2000,0.016,28,17,94.0,0
1386,0,16.1,0.0,1.8,45.0,2000,0.016,33,22,95.0,0
1391,0,13.5,0.0,3.8,46.0,2000,0.042,26,20,48.0,0
1414,0,18.4,0.0,2.3,44.0,2000,0.037,26,21,128.0,0
1470,0,12.9,0.0,1.3,43.0,1844,0.037,85,19,72.0,0
1477,0,5.9,0.0,2.0,74.0,2000,0.042,25,25,40.0,0
1522,0,9.6,0.0,3.2,66.0,1957,0.034,51,14,50.0,0
1551,0,19.7,0.0,3.4,76.0,749,0.065,48,31,100.0,0
1578,0,18.3,0.0,2.6,47.0,2000,0.033,49,32,107.0,0
1624,0,12.2,0.0,1.2,50.0,1707,0.033,58,29,62.0,0
1698,0,13.6,0.0,1.5,29.0,1154,0.055,76,66,47.0,0
1725,0,16.3,0.0,4.5,78.0,499,0.044,84,30,71.0,0
1847,0,16.8,0.0,0.6,62.0,2000,0.029,35,19,94.0,0
1894,0,12.5,0.0,1.4,32.0,2000,0.038,27,19,63.0,0
1895,0,20.7,0.0,1.4,61.0,2000,0.018,28,23,86.0,0
1974,0,18.8,0.0,2.9,31.0,2000,0.061,53,22,69.0,0
1986,0,9.9,0.0,1.4,86.0,620,0.01,40,30,47.0,0
1996,0,14.0,0.0,2.2,61.0,2000,0.036,44,17,63.0,0
2009,0,15.8,0.0,3.0,76.0,389,0.065,93,55,90.0,0
2038,0,10.5,0.0,3.4,59.0,1990,0.044,46,23,58.0,0
2045,0,19.2,0.0,1.6,62.0,1976,0.033,35,29,75.0,0
2059,0,11.1,0.0,1.4,39.0,1931,0.015,102,24,62.0,0
2082,0,20.6,0.0,2.0,71.0,827,0.047,60,35,80.0,0
2124,0,19.9,0.0,0.8,73.0,314,0.041,97,56,90.0,0
2132,0,18.8,0.0,2.5,51.0,1638,0.051,51,35,106.0,0
2155,0,12.3,0.0,3.7,35.0,2000,0.037,34,17,66.0,0
28,1,20.0,0.0,1.8,58.0,2000,0.032,57,31,74.0,0
78,1,12.2,0.0,3.0,49.0,1071,0.032,57,31,36.0,0
130,1,9.4,0.0,2.5,65.0,1907,0.032,57,31,39.0,0
208,1,18.8,0.0,1.1,61.0,2000,0.032,57,31,62.0,0
220,1,18.4,0.0,3.1,31.0,2000,0.032,57,31,63.0,0
234,1,15.3,0.0,1.4,77.0,1542,0.032,57,31,41.0,0
268,1,8.8,0.0,3.6,62.0,1997,0.032,57,31,45.0,0
346,1,12.4,1.0,2.4,99.0,232,0.032,57,31,6.0,0
368,1,9.9,0.0,1.3,85.0,522,0.032,57,31,35.0,0
381,1,14.1,0.0,1.8,55.0,1992,0.032,57,31,38.0,0
412,1,19.0,0.0,0.6,78.0,258,0.032,57,31,46.0,0
450,1,12.1,0.0,1.8,34.0,2000,0.032,57,31,23.0,0
493,1,9.9,0.0,1.6,62.0,1755,0.032,57,31,41.0,0
504,1,15.0,0.0,1.5,65.0,1167,0.032,57,31,70.0,0
511,1,11.4,0.0,1.7,40.0,1645,0.032,57,31,27.0,0
545,1,14.4,0.0,2.6,41.0,2000,0.032,57,31,52.0,0
667,1,15.5,0.0,5.4,48.0,540,0.032,57,31,40.0,0
711,1,14.1,0.0,2.0,41.0,2000,0.032,57,31,29.0,0
715,1,12.3,0.0,1.2,78.0,629,0.032,57,31,58.0,0
727,1,5.3,0.0,2.3,76.0,1965,0.032,57,31,24.0,0
740,1,4.9,0.0,1.5,81.0,2000,0.032,57,31,34.0,0
782,1,11.3,1.0,4.3,88.0,295,0.032,57,31,24.0,0
850,1,20.0,0.0,2.1,73.0,729,0.032,57,31,46.0,0
885,1,16.2,0.0,2.8,51.0,919,0.032,57,31,62.0,0
889,1,18.0,0.0,1.4,47.0,2000,0.032,57,31,77.0,0
906,1,16.8,0.0,0.8,79.0,518,0.032,57,31,95.0,0
955,1,20.0,0.0,2.2,58.0,1617,0.032,57,31,78.0,0
956,1,11.7,0.0,3.1,38.0,2000,0.032,57,31,51.0,0
992,1,17.8,0.0,1.2,59.0,676,0.032,57,31,42.0,0
1009,1,13.4,0.0,1.9,69.0,2000,0.032,57,31,34.0,0
1047,1,14.5,0.0,1.7,71.0,1307,0.032,57,31,44.0,0
1068,1,13.3,0.0,0.8,29.0,1226,0.032,57,31,34.0,0
1080,1,11.6,0.0,0.6,52.0,1853,0.032,57,31,39.0,0
1113,1,7.1,0.0,1.8,56.0,956,0.032,57,31,13.0,0
1141,1,18.7,0.0,2.0,64.0,1737,0.032,57,31,29.0,0
1167,1,9.5,0.0,0.5,52.0,800,0.032,57,31,26.0,0
1194,1,17.7,0.0,1.1,53.0,2000,0.032,57,31,98.0,0
1214,1,17.8,1.0,1.0,91.0,323,0.032,57,31,41.0,0
1232,1,19.3,0.0,1.9,78.0,715,0.032,57,31,39.0,0
1306,1,17.9,0.0,1.3,50.0,1812,0.032,57,31,30.0,0
1332,1,10.9,0.0,2.1,71.0,1057,0.032,57,31,38.0,0
1453,1,15.1,0.0,1.6,79.0,338,0.032,57,31,46.0,0
1469,1,13.1,0.0,2.5,46.0,2000,0.032,57,31,17.0,0
1540,1,11.5,0.0,1.2,73.0,774,0.032,57,31,79.0,0
1609,1,18.2,0.0,1.7,51.0,1871,0.032,57,31,53.0,0
1661,1,11.5,0.0,2.4,82.0,727,0.032,57,31,63.0,0
1689,1,13.8,0.0,1.6,78.0,1351,0.032,57,31,36.0,0
1726,1,16.1,0.0,1.5,68.0,1866,0.032,57,31,67.0,0
1742,1,18.7,0.0,1.1,63.0,2000,0.032,57,31,49.0,0
1744,1,17.3,0.0,1.3,39.0,1050,0.032,57,31,84.0,0
1757,1,11.2,0.0,1.2,78.0,1982,0.032,57,31,37.0,0
1762,1,15.6,0.0,0.6,46.0,2000,0.032,57,31,70.0,0
1789,1,14.1,0.0,1.5,62.0,863,0.032,57,31,44.0,0
1840,1,12.4,0.0,3.5,84.0,911,0.032,57,31,57.0,0
1928,1,10.6,0.0,0.2,71.0,844,0.032,57,31,67.0,0
1934,1,14.1,0.0,1.3,69.0,1970,0.032,57,31,56.0,0
1941,1,16.6,0.0,2.1,35.0,2000,0.032,57,31,62.0,0
1994,1,15.1,0.0,1.3,35.0,2000,0.032,57,31,40.0,0
2005,1,17.7,0.0,1.0,43.0,1338,0.032,57,31,69.0,0
2047,1,12.6,0.0,2.4,48.0,1805,0.032,57,31,43.0,0
2086,1,11.5,0.0,3.2,23.0,2000,0.032,57,31,42.0,0
13,2,13.6,0.0,1.7,80.0,1073,0.027,34,15,39.0,0
46,2,13.0,0.0,0.5,48.0,1992,0.043,73,26,29.0,0
49,2,8.9,0.0,0.9,52.0,839,0.011,80,71,10.0,0
87,2,11.4,0.0,2.1,40.0,1766,0.033,103,24,23.0,0
95,2,18.6,0.0,1.0,75.0,274,0.018,115,73,36.0,0
111,2,6.4,0.0,0.9,58.0,1039,0.031,72,56,3.0,0
117,2,15.1,0.0,0.6,47.0,2000,0.006,38,24,41.0,0
134,2,10.7,0.0,2.4,72.0,990,0.042,52,25,30.0,0
184,2,18.0,0.0,2.1,66.0,1659,0.023,40,29,20.0,0
204,2,17.8,0.0,1.5,47.0,2000,0.028,34,22,50.0,0
250,2,12.3,0.0,1.2,54.0,1814,0.036,78,20,24.0,0
256,2,11.4,0.0,1.6,83.0,610,0.048,57,32,37.0,0
326,2,12.7,0.0,2.5,45.0,2000,0.037,32,25,21.0,0
344,2,19.8,0.0,2.2,58.0,1632,0.025,63,30,52.0,0
406,2,15.6,0.0,0.8,71.0,1908,0.03,33,19,44.0,0
419,2,12.4,0.0,3.5,42.0,1448,0.063,73,47,25.0,0
423,2,14.1,0.0,4.5,42.0,2000,0.037,21,12,40.0,0
488,2,18.2,0.0,2.1,64.0,2000,0.003,33,23,40.0,0
530,2,17.2,0.0,0.4,44.0,1048,0.022,162,39,38.0,0
535,2,13.2,0.0,2.4,29.0,1271,0.033,60,51,26.0,0
551,2,8.4,0.0,2.0,68.0,1923,0.033,55,18,21.0,0
576,2,11.2,0.0,1.6,55.0,1583,0.024,62,31,43.0,0
593,2,10.9,0.0,0.8,79.0,1918,0.018,31,23,28.0,0
639,2,10.8,0.0,1.4,22.0,1998,0.038,64,19,24.0,0
776,2,15.4,0.0,1.3,76.0,1276,0.035,25,20,20.0,0
925,2,11.9,0.0,1.8,78.0,574,0.004,61,50,29.0,0
948,2,14.6,0.0,1.1,82.0,293,0.061,100,57,16.0,0
1024,2,17.4,0.0,1.3,44.0,1319,0.023,68,41,39.0,0
1041,2,12.9,0.0,1.9,71.0,2000,0.035,42,16,22.0,0
1142,2,4.9,0.0,1.0,78.0,1947,0.026,30,27,16.0,0
1180,2,14.6,0.0,1.4,37.0,1997,0.004,48,36,24.0,0
1199,2,13.7,0.0,0.7,71.0,1988,0.018,34,21,38.0,0
1205,2,14.3,0.0,0.4,70.0,1014,0.038,58,39,42.0,0
1234,2,18.3,0.0,0.9,64.0,1978,0.014,31,22,42.0,0
1293,2,14.1,0.0,0.3,75.0,990,0.032,47,24,31.0,0
1326,2,19.4,0.0,1.1,59.0,2000,0.018,29,22,45.0,0
1367,2,12.3,0.0,4.0,85.0,658,0.04,52,20,35.0,0
1454,2,19.0,0.0,2.2,78.0,759,0.06,50,33,20.0,0
1485,2,17.9,1.0,0.1,91.0,383,0.004,29,26,22.0,0
1502,2,13.6,0.0,2.2,70.0,491,0.039,69,39,21.0,0
1521,2,11.0,0.0,0.4,42.0,1926,0.037,27,19,23.0,0
1544,2,17.4,0.0,0.5,50.0,1779,0.004,74,45,33.0,0
1677,2,9.7,0.0,2.6,86.0,448,0.005,51,51,20.0,0
1692,2,11.3,0.0,1.6,71.0,791,0.027,74,34,66.0,0
1705,2,19.4,0.0,1.8,78.0,634,0.051,59,34,33.0,0
1739,2,17.1,0.0,0.8,53.0,956,0.026,108,65,28.0,0
1809,2,17.1,0.0,1.7,57.0,2000,0.02,46,29,70.0,0
1831,2,16.4,0.0,1.4,79.0,505,0.042,59,37,56.0,0
1837,2,5.1,0.0,1.3,77.0,2000,0.018,16,31,29.0,0
1855,2,14.0,0.0,1.6,52.0,2000,0.044,37,20,20.0,0
1865,2,16.0,0.0,2.8,55.0,864,0.083,87,50,34.0,0
1880,2,11.0,0.0,2.8,42.0,2000,0.037,32,18,33.0,0
1882,2,12.1,1.0,3.3,98.0,328,0.034,9,8,8.0,0
1911,2,14.2,0.0,4.9,33.0,660,0.041,252,31,26.0,0
1960,2,8.8,0.0,2.3,68.0,1910,0.031,84,14,23.0,0
1966,2,17.6,0.0,2.3,34.0,2000,0.055,46,20,43.0,0
2063,2,15.8,0.0,1.4,39.0,2000,0.029,21,16,51.0,0
2076,2,10.3,0.0,0.3,76.0,798,0.004,83,38,32.0,0
2136,2,17.7,0.0,2.1,54.0,1609,0.055,48,31,53.0,0
2161,2,11.4,1.0,0.9,89.0,289,0.017,67,57,5.0,0
2164,2,9.2,0.0,0.4,62.0,1882,0.04,49,18,24.0,0
14,3,10.6,0.0,1.5,58.0,1548,0.038,62,33,23.0,0
44,3,17.2,0.0,1.6,59.0,1277,0.052,49,32,30.0,0
75,3,15.1,0.0,0.8,74.0,1935,0.034,32,20,30.0,0
108,3,17.0,0.0,0.5,47.0,1218,0.039,71,39,21.0,0
110,3,18.1,0.0,1.5,64.0,2000,0.013,31,22,15.0,0
154,3,11.7,0.0,3.9,98.0,150,0.041,20,20,3.0,0
164,3,8.5,0.0,1.1,54.0,848,0.007,81,73,8.0,0
179,3,13.2,0.0,2.5,25.0,950,0.041,269,21,16.0,0
194,3,10.7,1.0,3.3,56.0,1392,0.032,103,23,12.0,0
226,3,16.8,0.0,1.6,40.0,1994,0.046,48,25,30.0,0
291,3,7.9,0.0,1.7,73.0,1827,0.034,52,21,14.0,0
384,3,13.5,0.0,0.2,72.0,839,0.036,60,40,27.0,0
386,3,13.8,0.0,1.0,81.0,849,0.032,48,19,18.0,0
404,3,14.0,0.0,1.6,50.0,2000,0.049,35,22,17.0,0
457,3,16.5,0.0,1.1,43.0,1068,0.01,162,39,32.0,0
554,3,11.6,1.0,0.0,90.0,284,0.01,68,57,5.0,0
600,3,5.7,0.0,0.8,74.0,2000,0.032,12,13,21.0,0
664,3,8.9,0.0,1.4,62.0,1994,0.041,46,18,23.0,0
735,3,4.6,0.0,0.3,76.0,1951,0.03,27,25,11.0,0
739,3,16.1,0.0,2.9,83.0,400,0.051,60,35,46.0,0
827,3,13.2,0.0,2.2,71.0,496,0.034,66,41,23.0,0
841,3,19.1,0.0,0.9,79.0,489,0.04,67,39,20.0,0
887,3,17.3,0.0,2.2,69.0,1636,0.032,30,24,27.0,0
914,3,19.4,0.0,2.7,59.0,1529,0.025,65,31,32.0,0
951,3,13.3,0.0,2.5,43.0,2000,0.037,19,9,23.0,0
985,3,10.4,0.0,0.6,42.0,2000,0.033,30,21,8.0,0
1032,3,6.0,0.0,1.6,57.0,1163,0.035,62,52,11.0,0
1086,3,13.3,0.0,0.6,72.0,1879,0.006,36,19,22.0,0
1137,3,11.3,0.0,2.0,78.0,548,0.008,67,58,17.0,0
1175,3,14.2,0.0,2.0,83.0,248,0.06,102,57,15.0,0
1211,3,10.6,0.0,1.9,82.0,1638,0.024,33,27,18.0,0
1230,3,12.2,0.0,0.5,48.0,1961,0.049,81,25,15.0,0
1239,3,14.3,0.0,1.4,38.0,2000,0.004,50,35,19.0,0
1242,3,17.6,0.0,1.3,69.0,2000,0.003,32,22,34.0,0
1270,3,10.9,0.0,1.4,74.0,730,0.029,71,33,29.0,0
1290,3,12.9,0.0,2.4,66.0,2000,0.036,39,17,14.0,0
1292,3,18.6,0.0,1.3,79.0,748,0.062,47,30,30.0,0
1385,3,14.9,0.0,0.7,47.0,2000,0.01,40,26,30.0,0
1422,3,15.2,0.0,0.7,44.0,2000,0.041,20,17,35.0,0
1538,3,12.8,0.0,2.0,38.0,802,0.016,94,82,15.0,0
1541,3,16.3,0.0,2.4,59.0,792,0.018,111,65,25.0,0
1613,3,16.5,0.0,0.8,59.0,2000,0.026,40,26,28.0,0
1614,3,11.9,0.0,2.1,58.0,1716,0.038,75,19,22.0,0
1626,3,12.2,0.0,2.9,41.0,2000,0.042,34,27,17.0,0
1635,3,10.5,0.0,2.4,73.0,990,0.042,46,25,26.0,0
1836,3,8.6,0.0,2.0,68.0,1891,0.026,85,15,19.0,0
1892,3,15.4,0.0,1.6,77.0,1104,0.036,23,18,14.0,0
1901,3,9.7,0.0,0.2,76.0,841,0.005,79,40,28.0,0
1931,3,13.7,0.0,2.0,80.0,1034,0.026,35,18,12.0,0
1971,3,9.4,0.0,0.9,87.0,387,0.006,45,31,8.0,0
1983,3,15.8,0.0,3.1,60.0,722,0.082,83,52,31.0,0
1988,3,10.3,0.0,2.4,20.0,2000,0.043,64,19,16.0,0
2042,3,17.8,0.0,0.8,91.0,330,0.005,31,23,29.0,0
2043,3,17.1,0.0,1.4,50.0,1718,0.004,72,44,24.0,0
2071,3,18.8,0.0,0.5,54.0,2000,0.019,29,22,34.0,0
2081,3,11.3,0.0,1.3,82.0,602,0.049,62,33,25.0,0
2126,3,12.1,0.0,3.2,85.0,679,0.043,54,21,17.0,0
2129,3,12.1,0.0,3.0,40.0,1436,0.066,71,44,13.0,0
2144,3,17.4,0.0,1.0,52.0,2000,0.029,38,27,31.0,0
2171,3,18.1,0.0,0.8,77.0,272,0.008,112,69,26.0,0
2175,3,10.8,0.0,3.8,45.0,2000,0.039,34,19,20.0,0
21,4,5.7,0.0,0.6,77.0,1960,0.028,14,18,6.0,0
162,4,8.0,0.0,1.5,53.0,861,0.005,82,77,8.0,0
199,4,17.8,0.0,1.8,91.0,328,0.013,25,22,9.0,0
246,4,16.9,0.0,2.0,71.0,1636,0.037,29,22,8.0,0
248,4,10.4,0.0,0.2,83.0,1235,0.027,35,24,13.0,0
281,4,10.1,0.0,1.6,73.0,937,0.04,50,22,12.0,0
298,4,18.5,0.0,0.2,55.0,2000,0.014,30,21,17.0,0
305,4,13.1,0.0,0.4,73.0,1480,0.005,33,19,13.0,0
328,4,18.0,0.0,1.3,75.0,259,0.007,110,68,15.0,0
343,4,9.9,0.0,2.6,49.0,2000,0.04,32,16,14.0,0
360,4,15.9,0.0,1.7,59.0,669,0.02,103,62,20.0,0
389,4,16.1,0.0,0.6,45.0,1968,0.036,47,26,13.0,0
514,4,16.0,0.0,0.1,52.0,1162,0.041,68,41,15.0,0
561,4,14.0,0.0,1.6,43.0,1999,0.007,55,40,6.0,0
569,4,11.9,0.0,2.8,85.0,742,0.045,57,22,27.0,0
573,4,10.6,0.0,1.8,80.0,512,0.019,53,45,8.0,0
597,4,7.5,0.0,0.4,79.0,1636,0.032,56,21,6.0,0
603,4,15.6,0.0,2.1,65.0,636,0.081,83,48,27.0,0
634,4,18.9,0.0,1.7,80.0,459,0.04,70,41,13.0,0
787,4,12.3,0.0,1.5,36.0,966,0.024,96,90,14.0,0
833,4,12.3,0.0,0.7,49.0,1506,0.059,103,28,7.0,0
947,4,12.3,0.0,2.8,22.0,1082,0.042,223,20,16.0,0
966,4,11.7,0.0,0.6,91.0,239,0.008,72,60,9.0,0
1063,4,13.5,0.0,1.3,81.0,896,0.032,34,21,16.0,0
1078,4,18.9,0.0,2.3,60.0,1588,0.033,61,29,14.0,0
1123,4,10.5,0.0,1.2,74.0,739,0.03,70,32,9.0,0
1136,4,16.5,0.0,0.9,64.0,1014,0.049,48,36,20.0,0
1183,4,10.2,0.0,4.2,14.0,2000,0.046,57,15,9.0,0
1283,4,13.4,0.0,0.0,74.0,746,0.025,64,43,13.0,0
1305,4,11.7,0.0,2.2,38.0,1645,0.065,70,43,15.0,0
1317,4,12.8,0.0,1.9,76.0,407,0.036,68,42,15.0,0
1328,4,5.5,0.0,0.6,56.0,1146,0.038,63,53,5.0,0
1338,4,16.4,0.0,2.8,61.0,1388,0.004,81,52,9.0,0
1417,4,4.2,0.0,1.1,77.0,1258,0.024,24,32,16.0,0
1419,4,11.0,0.0,0.9,84.0,532,0.052,60,33,22.0,0
1431,4,13.8,0.0,0.2,86.0,230,0.057,103,58,11.0,0
1435,4,15.3,0.0,0.4,78.0,1196,0.035,22,18,2.0,0
1449,4,15.8,0.0,2.3,84.0,387,0.047,68,36,23.0,0
1535,4,13.4,0.0,1.4,79.0,815,0.027,47,22,9.0,0
1545,4,13.5,0.0,0.9,52.0,2000,0.051,32,20,11.0,0
1603,4,16.6,0.0,2.8,48.0,1070,0.013,151,39,16.0,0
1650,4,16.1,0.0,0.6,60.0,2000,0.028,39,28,27.0,0
1655,4,14.6,0.0,0.6,49.0,2000,0.014,41,27,19.0,0
1673,4,11.0,1.0,3.4,98.0,137,0.04,24,24,2.0,0
1676,4,8.0,0.0,0.5,66.0,1993,0.031,84,22,11.0,0
1736,4,14.7,0.0,0.4,76.0,1704,0.035,34,20,31.0,0
1769,4,12.6,0.0,1.0,65.0,2000,0.041,32,12,7.0,0
1778,4,14.9,0.0,0.4,46.0,2000,0.028,22,16,24.0,0
1815,4,18.0,0.0,1.7,66.0,1998,0.011,30,23,11.0,0
1870,4,11.7,0.0,2.4,40.0,2000,0.042,33,25,5.0,0
1920,4,11.5,0.0,2.4,64.0,1470,0.038,77,21,29.0,0
1932,4,10.1,0.0,0.0,44.0,2000,0.036,26,20,9.0,0
1969,4,9.4,0.0,1.4,82.0,528,0.013,80,39,9.0,0
1979,4,9.2,0.0,1.8,88.0,312,0.018,47,46,10.0,0
1980,4,12.9,0.0,2.4,44.0,2000,0.039,17,10,19.0,0
2053,4,18.5,0.0,1.2,80.0,724,0.061,43,27,13.0,0
2065,4,17.0,0.0,1.7,72.0,1983,0.007,34,23,15.0,0
2095,4,10.7,0.0,2.2,45.0,1783,0.027,102,25,13.0,0
2169,4,10.2,0.0,1.3,63.0,1378,0.033,58,29,11.0,0
2172,4,8.7,0.0,1.0,66.0,1802,0.044,46,18,8.0,0
2174,4,16.8,0.0,1.6,53.0,2000,0.031,37,27,21.0,0
70,5,15.3,0.0,1.8,52.0,1363,0.04,65,39,16.0,0
93,5,15.0,1.0,1.2,88.0,203,0.026,35,24,3.0,0
100,5,12.5,0.0,2.0,43.0,2000,0.04,17,9,23.0,0
119,5,11.0,0.0,1.6,84.0,469,0.049,61,33,12.0,0
139,5,8.2,0.0,0.4,71.0,1758,0.034,46,19,10.0,0
238,5,7.5,0.0,0.9,68.0,2000,0.029,61,16,10.0,0
264,5,9.9,0.0,0.5,85.0,1082,0.018,34,26,12.0,0
271,5,9.5,0.0,0.5,49.0,2000,0.027,26,19,11.0,0
296,5,13.2,0.0,1.0,81.0,722,0.019,51,24,13.0,0
320,5,14.7,0.0,0.2,48.0,2000,0.023,28,20,19.0,0
362,5,18.6,0.0,2.3,61.0,1527,0.025,56,30,28.0,0
414,5,18.8,0.0,1.4,74.0,618,0.055,61,37,18.0,0
487,5,9.1,0.0,1.2,83.0,495,0.014,81,39,8.0,0
496,5,4.0,0.0,0.3,78.0,1521,0.021,28,28,8.0,0
571,5,5.0,0.0,0.3,59.0,1022,0.04,70,64,12.0,0
612,5,11.9,0.0,0.6,41.0,879,0.032,66,60,10.0,0
622,5,10.2,0.0,0.7,75.0,726,0.03,68,31,12.0,0
627,5,10.9,0.0,3.8,10.0,2000,0.047,45,13,10.0,0
671,5,13.2,0.0,0.1,76.0,698,0.023,56,42,17.0,0
673,5,15.7,0.0,1.0,62.0,1704,0.019,42,28,22.0,0
678,5,11.8,0.0,0.8,51.0,1694,0.055,102,30,26.0,0
725,5,12.2,0.0,3.0,76.0,407,0.033,67,40,11.0,0
763,5,16.6,0.0,1.6,73.0,1228,0.017,39,27,20.0,0
820,5,16.2,0.0,1.0,63.0,1085,0.006,71,49,15.0,0
917,5,14.3,0.0,0.7,50.0,2000,0.026,42,28,11.0,0
944,5,12.4,0.0,1.3,64.0,2000,0.039,37,14,15.0,0
945,5,17.4,0.0,1.0,71.0,1855,0.005,33,24,26.0,0
1000,5,11.8,0.0,2.5,21.0,1014,0.042,205,18,6.0,0
1002,5,15.4,0.0,0.9,50.0,1979,0.027,49,28,17.0,0
1010,5,16.5,0.0,1.1,56.0,2000,0.033,36,24,16.0,0
1018,5,10.8,0.0,3.3,98.0,91,0.036,32,24,1.0,0
1025,5,5.5,0.0,0.5,78.0,2000,0.022,18,31,7.0,0
1100,5,9.2,0.0,1.8,53.0,2000,0.036,31,18,8.0,0
1110,5,15.5,0.0,0.7,86.0,371,0.047,61,37,15.0,0
1219,5,13.4,0.0,0.3,86.0,218,0.054,107,60,10.0,0
1233,5,10.9,0.0,2.5,44.0,1757,0.03,91,24,19.0,0
1267,5,13.7,0.0,1.0,48.0,2000,0.049,30,18,11.0,0
1303,5,9.5,0.0,0.7,76.0,840,0.034,49,25,6.0,0
1349,5,9.9,0.0,1.1,82.0,412,0.023,55,49,11.0,0
1468,5,16.4,0.0,1.0,74.0,1481,0.042,25,19,17.0,0
1471,5,14.3,0.0,1.0,79.0,1593,0.035,30,18,16.0,0
1495,5,6.8,0.0,1.1,81.0,1450,0.031,55,21,8.0,0
1529,5,11.1,0.0,0.9,38.0,1718,0.064,63,38,9.0,0
1560,5,12.8,0.0,0.3,74.0,1333,0.006,36,20,14.0,0
1565,5,14.9,0.0,1.0,63.0,633,0.077,81,47,15.0,0
1640,5,13.4,0.0,0.9,81.0,1009,0.033,34,16,11.0,0
1642,5,17.4,0.0,0.9,91.0,390,0.02,30,24,17.0,0
1704,5,11.9,0.0,2.1,90.0,228,0.005,72,60,10.0,0
1773,5,9.0,0.0,1.9,90.0,260,0.027,46,31,9.0,0
1790,5,11.5,0.0,2.3,71.0,1315,0.037,75,19,12.0,0
1832,5,15.7,0.0,2.4,56.0,1179,0.019,141,36,8.0,0
1874,5,11.2,0.0,2.7,38.0,2000,0.043,31,27,8.0,0
1915,5,18.2,0.0,0.6,80.0,715,0.058,43,29,14.0,0
1919,5,13.5,0.0,1.0,46.0,1882,0.005,54,40,12.0,0
1945,5,11.7,0.0,2.5,85.0,776,0.044,58,19,11.0,0
1952,5,9.9,0.0,1.4,68.0,840,0.036,62,35,10.0,0
2077,5,7.4,0.0,1.8,57.0,813,0.004,78,71,12.0,0
2120,5,15.8,0.0,0.9,68.0,851,0.048,52,33,19.0,0
2130,5,15.7,0.0,1.2,63.0,688,0.026,118,74,7.0,0
2151,5,19.0,0.0,1.7,65.0,517,0.035,94,55,14.0,0
2176,5,18.3,0.0,1.9,54.0,2000,0.009,30,21,22.0,0
7,6,13.9,0.0,0.7,79.0,1382,0.033,32,19,26.0,0
83,6,11.0,0.0,1.3,25.0,1056,0.041,213,21,12.0,0
106,6,12.7,0.0,3.9,41.0,2000,0.039,13,9,38.0,0
263,6,13.0,0.0,1.2,80.0,611,0.02,56,41,15.0,0
273,6,11.1,0.0,2.0,92.0,202,0.011,76,63,14.0,0
300,6,11.5,0.0,0.5,43.0,869,0.012,72,64,21.0,0
317,6,9.9,0.0,0.3,77.0,774,0.026,63,31,13.0,0
335,6,6.6,0.0,0.4,83.0,1109,0.024,54,20,22.0,0
357,6,9.2,0.0,2.2,77.0,848,0.03,46,25,43.0,0
378,6,8.7,0.0,0.7,85.0,490,0.006,76,36,13.0,0
398,6,17.3,0.0,1.2,90.0,533,0.021,26,20,37.0,0
427,6,13.4,0.0,1.9,78.0,815,0.02,53,26,36.0,0
621,6,13.5,0.0,0.5,49.0,2000,0.051,29,18,37.0,0
640,6,14.0,0.0,0.4,71.0,533,0.069,82,50,9.0,0
687,6,17.7,0.0,0.6,56.0,2000,0.014,31,20,49.0,0
688,6,9.8,0.0,0.1,84.0,874,0.009,35,27,32.0,0
702,6,10.4,0.0,1.7,50.0,1976,0.024,94,27,30.0,0
719,6,7.2,0.0,0.6,55.0,831,0.004,78,68,19.0,0
754,6,14.9,0.0,0.9,51.0,1308,0.032,62,37,34.0,0
764,6,15.5,0.0,0.4,66.0,465,0.013,119,75,28.0,0
808,6,8.9,0.0,1.4,53.0,2000,0.029,28,19,36.0,0
865,6,9.4,0.0,2.5,85.0,370,0.022,56,49,11.0,0
919,6,12.5,0.0,2.5,64.0,2000,0.033,41,13,40.0,0
972,6,11.1,0.0,1.5,83.0,430,0.047,70,41,15.0,0
974,6,14.7,1.0,0.1,93.0,153,0.02,59,31,3.0,0
977,6,16.2,0.0,2.0,61.0,1721,0.029,35,26,19.0,0
979,6,18.3,0.0,2.3,64.0,1403,0.026,55,32,18.0,0
987,6,18.7,0.0,1.0,72.0,634,0.029,56,31,53.0,0
1077,6,11.3,0.0,2.0,51.0,1577,0.039,93,25,27.0,0
1126,6,14.8,0.0,0.9,51.0,1538,0.025,51,26,15.0,0
1228,6,17.4,0.0,1.1,69.0,1698,0.009,35,23,31.0,0
1231,6,10.4,0.0,3.6,12.0,2000,0.048,35,9,23.0,0
1247,6,14.4,0.0,1.5,52.0,2000,0.018,30,21,19.0,0
1259,6,12.6,0.0,0.4,78.0,1192,0.004,32,20,28.0,0
1286,6,11.6,0.0,2.0,73.0,636,0.03,67,40,36.0,0
1298,6,5.6,0.0,1.0,80.0,1782,0.021,17,31,9.0,0
1336,6,11.4,0.0,2.4,84.0,815,0.04,58,21,10.0,0
1358,6,9.5,0.0,0.8,73.0,673,0.035,65,38,15.0,0
1394,6,19.4,0.0,2.3,65.0,613,0.056,80,48,33.0,0
1398,6,16.1,0.0,0.2,75.0,1351,0.037,27,23,34.0,0
1463,6,7.1,0.0,1.0,68.0,2000,0.029,55,13,22.0,0
1488,6,15.4,0.0,0.7,69.0,857,0.041,46,32,23.0,0
1506,6,11.1,0.0,1.7,75.0,1105,0.035,78,20,14.0,0
1549,6,15.6,0.0,1.1,63.0,1211,0.023,45,31,30.0,0
1561,6,14.0,0.0,0.7,51.0,2000,0.013,42,26,33.0,0
1580,6,7.9,0.0,0.3,75.0,1472,0.036,43,17,21.0,0
1590,6,18.2,0.0,0.4,80.0,661,0.059,48,30,46.0,0
1598,6,13.1,0.0,0.7,84.0,236,0.041,112,66,19.0,0
1612,6,16.0,0.0,1.3,56.0,1675,0.005,65,50,37.0,0
1653,6,10.7,0.0,2.5,99.0,78,0.034,32,28,5.0,0
1667,6,13.2,0.0,1.1,48.0,1897,0.008,47,35,23.0,0
1750,6,4.9,0.0,1.5,67.0,746,0.04,67,63,24.0,0
1777,6,10.5,0.0,1.1,42.0,1825,0.059,60,38,20.0,0
1782,6,9.0,0.0,2.1,90.0,245,0.031,37,31,20.0,0
1824,6,13.4,0.0,1.6,80.0,1088,0.031,33,20,35.0,0
1886,6,3.3,0.0,1.2,83.0,1219,0.016,33,30,7.0,0
1903,6,10.9,0.0,3.6,39.0,2000,0.045,31,25,25.0,0
1907,6,16.1,0.0,2.1,73.0,694,0.029,41,28,37.0,0
1995,6,15.4,0.0,1.7,57.0,1234,0.031,119,27,11.0,0
2099,6,15.1,0.0,0.3,88.0,415,0.05,60,34,14.0,0
2128,6,8.5,0.0,1.5,55.0,2000,0.036,31,18,29.0,0
47,7,10.9,0.0,0.8,77.0,1092,0.035,79,17,18.0,1
90,7,8.9,0.0,0.2,75.0,642,0.033,66,36,19.0,1
129,7,13.2,0.0,0.9,55.0,2000,0.041,34,17,100.0,1
133,7,17.7,0.0,0.6,66.0,1996,0.006,34,28,106.0,1
137,7,6.4,0.0,0.7,83.0,1147,0.018,55,21,82.0,1
189,7,10.7,0.0,1.3,93.0,177,0.015,71,58,6.0,1
232,7,11.4,0.0,1.6,82.0,460,0.039,74,44,12.0,1
272,7,15.8,0.0,2.0,73.0,776,0.036,30,23,109.0,1
283,7,7.0,0.0,1.0,57.0,835,0.004,79,69,71.0,1
290,7,16.2,0.0,1.7,51.0,1583,0.004,65,46,87.0,1
405,7,17.0,0.0,1.4,89.0,536,0.021,29,22,103.0,1
444,7,4.4,0.0,0.6,71.0,633,0.033,76,71,76.0,1
492,7,13.7,0.0,0.3,71.0,508,0.062,81,50,19.0,1
520,7,10.0,0.0,0.5,51.0,1948,0.028,84,25,72.0,1
568,7,12.8,0.0,1.4,84.0,235,0.031,114,67,39.0,1
623,7,14.8,0.0,1.3,55.0,1305,0.017,65,42,65.0,1
641,7,17.8,0.0,1.2,58.0,2000,0.012,30,22,108.0,1
661,7,11.1,0.0,1.3,84.0,967,0.034,54,19,21.0,1
694,7,7.9,0.0,1.0,55.0,2000,0.028,30,19,96.0,1
762,7,14.6,1.0,0.9,94.0,108,0.019,58,29,37.0,1
767,7,13.7,0.0,2.5,77.0,772,0.023,47,26,78.0,1
777,7,5.6,0.0,0.4,79.0,1992,0.007,19,18,20.0,1
800,7,10.9,0.0,2.0,61.0,973,0.028,61,38,85.0,1
811,7,13.9,0.0,0.7,54.0,2000,0.006,42,26,106.0,1
821,7,14.7,0.0,2.1,54.0,2000,0.024,31,23,18.0,1
829,7,18.7,0.0,2.0,69.0,915,0.025,56,31,127.0,1
845,7,15.1,0.0,0.5,67.0,1008,0.027,48,30,76.0,1
883,7,15.3,0.0,2.6,69.0,291,0.014,124,79,82.0,1
896,7,14.6,0.0,0.6,53.0,1532,0.014,56,31,23.0,1
1019,7,9.3,0.0,1.9,14.0,2000,0.04,42,11,73.0,1
1033,7,15.5,0.0,1.1,66.0,1211,0.022,55,36,32.0,1
1043,7,10.4,0.0,2.5,44.0,2000,0.039,34,26,81.0,1
1130,7,8.6,0.0,1.0,85.0,490,0.004,75,38,24.0,1
1226,7,7.6,0.0,0.2,76.0,1677,0.01,49,22,77.0,1
1347,7,10.5,0.0,2.9,99.0,107,0.029,29,26,15.0,1
1366,7,13.4,0.0,1.3,80.0,912,0.028,36,15,98.0,1
1389,7,13.7,0.0,0.2,80.0,1355,0.026,31,22,23.0,1
1397,7,14.8,0.0,1.3,87.0,397,0.055,51,34,26.0,1
1410,7,3.1,0.0,0.4,83.0,839,0.005,34,31,14.0,1
1412,7,9.0,0.0,1.1,79.0,817,0.027,50,23,90.0,1
1432,7,15.3,0.0,1.1,54.0,1326,0.025,117,30,24.0,1
1448,7,9.0,0.0,2.6,90.0,253,0.031,31,31,70.0,1
1466,7,12.3,0.0,0.1,78.0,1126,0.003,34,24,101.0,1
1478,7,12.9,0.0,2.7,42.0,2000,0.035,19,10,103.0,1
1532,7,11.4,0.0,0.8,35.0,1100,0.022,64,55,31.0,1
1546,7,18.5,0.0,1.2,77.0,629,0.055,48,32,117.0,1
1558,7,7.0,0.0,1.1,75.0,1981,0.023,57,14,88.0,1
1662,7,13.2,0.0,0.6,85.0,431,0.023,50,39,17.0,1
1811,7,8.3,0.0,1.6,55.0,2000,0.005,32,21,82.0,1
1813,7,13.0,0.0,0.8,46.0,1870,0.007,47,33,72.0,1
1816,7,10.1,0.0,0.8,84.0,757,0.019,40,33,100.0,1
1854,7,11.2,0.0,1.8,52.0,1655,0.037,95,30,90.0,1
1916,7,16.0,0.0,0.6,75.0,1159,0.032,27,18,117.0,1
1938,7,9.1,0.0,1.8,87.0,266,0.011,61,51,21.0,1
1944,7,17.9,0.0,1.6,67.0,1420,0.029,53,29,26.0,1
1961,7,10.1,0.0,0.9,29.0,1078,0.038,223,22,13.0,1
1985,7,19.5,0.0,3.3,67.0,620,0.06,73,47,90.0,1
1991,7,10.1,0.0,1.1,42.0,1913,0.05,59,36,82.0,1
2030,7,16.1,0.0,1.3,64.0,1522,0.025,38,26,26.0,1
2118,7,9.6,0.0,0.9,73.0,827,0.021,59,30,16.0,1
2150,7,12.4,0.0,2.3,67.0,2000,0.023,43,15,104.0,1
36,8,12.6,0.0,5.3,53.0,1576,0.014,52,40,209.0,1
160,8,19.4,0.0,2.7,71.0,627,0.053,68,39,191.0,1
295,8,9.2,0.0,0.8,90.0,347,0.022,39,31,160.0,1
329,8,15.0,0.0,1.1,50.0,1465,0.006,54,29,46.0,1
342,8,10.3,0.0,4.3,43.0,2000,0.032,34,26,195.0,1
445,8,14.7,0.0,1.6,70.0,1577,0.026,28,16,56.0,1
460,8,8.1,0.0,0.4,70.0,1378,0.007,52,25,194.0,1
480,8,14.5,1.0,1.9,94.0,128,0.013,60,34,165.0,1
498,8,19.2,0.0,1.6,56.0,2000,0.008,31,19,267.0,1
524,8,9.0,0.0,2.5,17.0,2000,0.018,41,13,197.0,1
533,8,14.8,0.0,1.1,52.0,2000,0.015,37,22,224.0,1
557,8,10.7,0.0,2.0,45.0,1881,0.024,45,24,212.0,1
565,8,11.4,0.0,2.1,82.0,440,0.027,74,42,43.0,1
602,8,19.0,0.0,1.4,75.0,537,0.049,55,33,222.0,1
630,8,13.5,0.0,0.8,78.0,972,0.024,36,19,189.0,1
642,8,9.5,0.0,1.5,72.0,955,0.02,47,22,214.0,1
653,8,15.7,0.0,1.4,51.0,1157,0.01,66,41,169.0,1
677,8,14.3,0.0,0.6,69.0,493,0.061,87,52,33.0,1
709,8,16.5,0.0,0.6,62.0,1600,0.022,37,28,51.0,1
724,8,18.2,0.0,0.8,63.0,1987,0.005,36,25,215.0,1
732,8,10.5,0.0,0.6,35.0,1953,0.038,47,27,155.0,1
772,8,13.7,0.0,3.3,40.0,2000,0.032,17,9,215.0,1
778,8,7.7,0.0,1.5,66.0,1695,0.01,76,19,184.0,1
831,8,10.0,1.0,3.5,99.0,106,0.029,26,24,41.0,1
840,8,10.7,0.0,1.2,92.0,186,0.021,66,55,36.0,1
864,8,18.0,0.0,0.3,61.0,1373,0.021,52,28,57.0,1
876,8,17.0,0.0,1.2,65.0,986,0.021,32,22,212.0,1
884,8,8.7,0.0,1.7,50.0,2000,0.006,36,19,201.0,1
897,8,13.3,0.0,0.6,66.0,1144,0.006,41,28,217.0,1
986,8,13.7,0.0,1.9,65.0,468,0.022,116,69,93.0,1
1076,8,12.9,0.0,2.1,86.0,443,0.014,56,38,48.0,1
1079,8,14.2,0.0,2.1,75.0,768,0.013,51,25,226.0,1
1106,8,16.6,0.0,0.9,63.0,697,0.03,33,24,208.0,1
1145,8,12.5,0.0,1.6,48.0,1521,0.033,102,30,171.0,1
1181,8,13.2,0.0,0.5,52.0,2000,0.023,35,16,189.0,1
1200,8,3.2,0.0,0.4,83.0,728,0.004,30,31,21.0,1
1218,8,16.6,0.0,3.1,46.0,1341,0.005,64,44,169.0,1
1249,8,11.9,0.0,2.4,71.0,1339,0.038,86,20,34.0,1
1254,8,11.9,0.0,2.2,71.0,1632,0.025,48,19,41.0,1
1268,8,11.6,0.0,2.0,37.0,1143,0.01,64,51,35.0,1
1312,8,19.5,0.0,2.0,64.0,901,0.04,53,39,241.0,1
1376,8,6.3,0.0,1.9,76.0,1344,0.013,61,24,192.0,1
1405,8,5.4,0.0,1.9,78.0,1993,0.01,18,18,38.0,1
1447,8,17.4,0.0,0.8,80.0,758,0.014,25,20,236.0,1
1465,8,13.3,0.0,3.3,65.0,1814,0.015,44,10,221.0,1
1516,8,15.8,0.0,1.4,57.0,1077,0.031,47,29,202.0,1
1517,8,10.1,0.0,2.0,70.0,788,0.016,61,29,47.0,1
1520,8,15.6,0.0,2.2,53.0,1036,0.028,126,32,29.0,1
1582,8,6.7,0.0,2.1,58.0,801,0.004,81,67,181.0,1
1630,8,15.5,0.0,1.0,83.0,335,0.035,51,32,61.0,1
1663,8,8.9,0.0,0.9,77.0,613,0.005,82,40,35.0,1
1735,8,4.5,0.0,0.1,73.0,510,0.023,84,81,146.0,1
1743,8,15.3,0.0,1.5,68.0,272,0.026,142,89,163.0,1
1856,8,10.7,0.0,1.3,82.0,731,0.012,46,36,180.0,1
2015,8,9.1,0.0,2.2,53.0,1939,0.013,34,15,200.0,1
2027,8,10.1,0.0,1.6,54.0,1967,0.031,81,22,159.0,1
2032,8,9.3,0.0,0.2,67.0,661,0.033,70,38,43.0,1
2062,8,16.1,0.0,1.0,55.0,945,0.024,54,35,54.0,1
2075,8,10.6,0.0,0.7,22.0,974,0.026,214,21,34.0,1
2080,8,16.3,0.0,1.9,49.0,2000,0.027,28,19,37.0,1
2121,8,8.6,0.0,2.0,89.0,223,0.01,74,64,34.0,1
19,9,13.8,0.0,1.9,64.0,1344,0.039,93,19,39.0,1
24,9,14.1,0.0,3.2,59.0,1808,0.028,52,18,59.0,1
125,9,15.1,0.0,2.2,71.0,791,0.016,53,24,104.0,1
166,9,10.1,0.0,0.4,60.0,1421,0.013,52,24,107.0,1
196,9,18.7,0.0,1.3,43.0,1108,0.01,71,40,97.0,1
202,9,14.7,0.0,2.0,68.0,589,0.01,65,44,60.0,1
217,9,17.6,0.0,0.9,47.0,1892,0.013,36,22,121.0,1
244,9,12.4,0.0,1.6,77.0,550,0.029,73,41,74.0,1
306,9,21.3,0.0,1.2,45.0,1993,0.008,31,19,129.0,1
370,9,8.8,0.0,1.8,44.0,833,0.005,86,69,88.0,1
397,9,11.2,0.0,0.8,67.0,660,0.009,75,38,70.0,1
453,9,15.1,0.0,4.2,63.0,1849,0.028,39,21,118.0,1
464,9,19.8,0.0,0.6,57.0,1721,0.008,40,29,138.0,1
502,9,15.0,0.0,2.9,59.0,1921,0.018,58,17,113.0,1
527,9,13.4,0.0,2.6,21.0,986,0.027,212,20,59.0,1
574,9,9.8,0.0,3.3,58.0,1263,0.01,107,21,124.0,1
580,9,15.3,0.0,1.5,43.0,1084,0.032,110,29,95.0,1
628,9,12.2,0.0,1.9,42.0,1946,0.01,41,26,106.0,1
658,9,18.0,0.0,1.8,44.0,1961,0.03,31,20,79.0,1
684,9,12.1,0.0,1.9,58.0,771,0.032,65,36,60.0,1
706,9,9.7,0.0,3.0,99.0,165,0.023,25,22,52.0,1
801,9,19.2,0.0,1.6,50.0,789,0.027,50,29,115.0,1
843,9,12.4,0.0,2.0,35.0,1927,0.024,43,20,125.0,1
875,9,14.6,0.0,4.8,38.0,2000,0.029,19,11,149.0,1
882,9,10.9,0.0,1.9,50.0,1844,0.012,84,24,98.0,1
893,9,19.5,0.0,1.2,57.0,906,0.016,31,19,124.0,1
932,9,11.3,0.0,1.4,90.0,230,0.018,67,59,43.0,1
935,9,4.9,0.0,2.0,74.0,879,0.008,35,35,30.0,1
957,9,6.6,0.0,1.7,71.0,1871,0.015,16,16,52.0,1
1004,9,12.0,0.0,3.6,55.0,1999,0.016,44,29,107.0,1
1007,9,16.4,0.0,1.0,62.0,503,0.072,86,51,57.0,1
1020,9,12.1,0.0,4.1,35.0,1975,0.028,36,28,94.0,1
1129,9,17.1,0.0,1.6,50.0,1416,0.007,64,44,82.0,1
1147,9,19.6,0.0,1.4,54.0,1343,0.017,49,29,79.0,1
1240,9,19.3,0.0,1.8,72.0,795,0.017,26,17,135.0,1
1276,9,19.9,0.0,0.9,72.0,522,0.053,61,37,137.0,1
1287,9,15.1,0.0,1.2,68.0,1269,0.022,35,17,115.0,1
1345,9,9.8,0.0,2.2,17.0,2000,0.019,43,10,105.0,1
1396,9,17.0,0.0,1.8,60.0,1929,0.029,28,16,87.0,1
1428,9,11.8,0.0,2.0,80.0,584,0.017,43,33,113.0,1
1450,9,18.3,0.0,0.7,49.0,1926,0.022,44,24,64.0,1
1464,9,17.4,0.0,0.3,39.0,1457,0.009,53,27,72.0,1
1524,9,9.1,0.0,1.3,88.0,224,0.015,77,67,49.0,1
1584,9,11.4,0.0,0.7,59.0,1297,0.021,45,25,119.0,1
1588,9,9.8,0.0,0.3,83.0,471,0.021,36,31,86.0,1
1593,9,13.0,0.0,2.6,65.0,582,0.012,71,36,79.0,1
1594,9,16.0,0.0,0.5,54.0,1192,0.012,127,33,53.0,1
1615,9,17.1,0.0,3.4,76.0,451,0.03,65,39,74.0,1
1627,9,16.6,0.0,2.7,44.0,1134,0.029,89,50,108.0,1
1763,9,19.7,0.0,2.7,71.0,718,0.052,60,38,107.0,1
1862,9,8.7,0.0,1.7,63.0,1483,0.012,67,34,92.0,1
1866,9,15.6,0.0,0.8,58.0,963,0.01,51,30,140.0,1
1877,9,6.4,0.0,0.6,62.0,453,0.02,90,79,87.0,1
1881,9,20.8,0.0,2.2,58.0,1095,0.039,53,30,132.0,1
1883,9,11.2,0.0,1.8,44.0,1901,0.022,30,18,121.0,1
1891,9,18.5,0.0,3.8,58.0,975,0.037,35,27,133.0,1
1950,9,15.0,1.0,1.4,94.0,361,0.018,47,27,111.0,1
1970,9,17.0,0.0,0.4,59.0,318,0.021,143,86,91.0,1
2034,9,13.4,0.0,3.2,29.0,2000,0.033,42,23,115.0,1
2091,9,11.9,0.0,0.8,45.0,965,0.005,69,58,59.0,1
2122,9,18.8,0.0,0.5,49.0,1132,0.027,39,23,75.0,1
22,10,15.4,0.0,2.7,62.0,1362,0.039,99,21,42.0,0
27,10,9.2,0.0,1.9,55.0,462,0.023,91,84,60.0,0
35,10,15.4,0.0,3.1,19.0,1225,0.032,199,18,58.0,0
50,10,16.8,0.0,1.8,62.0,955,0.016,55,23,81.0,0
85,10,16.6,0.0,3.1,53.0,1945,0.027,76,14,89.0,0
91,10,12.1,0.0,1.5,47.0,1842,0.009,90,25,60.0,0
114,10,20.4,0.0,1.7,39.0,1631,0.023,39,22,101.0,0
140,10,16.8,0.0,2.1,63.0,1086,0.026,36,18,99.0,0
169,10,11.7,0.0,1.0,34.0,914,0.009,90,70,65.0,0
174,10,9.5,0.0,2.7,99.0,182,0.023,24,23,37.0,0
206,10,18.2,0.0,2.4,60.0,527,0.025,61,30,66.0,0
274,10,13.4,0.0,2.8,35.0,2000,0.024,30,20,92.0,0
310,10,19.4,0.0,3.6,37.0,1462,0.04,81,38,83.0,0
351,10,14.4,0.0,3.1,32.0,1767,0.029,42,22,79.0,0
376,10,17.2,0.0,0.8,56.0,648,0.018,67,48,75.0,0
426,10,7.7,0.0,0.5,65.0,990,0.011,35,30,55.0,0
465,10,11.9,1.0,2.4,54.0,935,0.005,73,61,30.0,0
466,10,20.7,0.0,4.1,43.0,1480,0.044,32,21,109.0,0
469,10,23.3,0.0,1.4,33.0,1994,0.009,32,20,118.0,0
489,10,15.1,0.0,7.3,37.0,1992,0.04,45,19,66.0,0
523,10,21.5,0.0,1.1,65.0,1302,0.02,27,18,87.0,0
635,10,16.6,0.0,0.9,53.0,1145,0.011,128,30,63.0,0
655,10,21.6,0.0,1.4,40.0,1739,0.026,45,28,95.0,0
733,10,12.8,0.0,1.8,81.0,325,0.015,74,67,55.0,0
744,10,10.2,0.0,2.6,84.0,261,0.013,72,62,55.0,0
780,10,16.0,0.0,2.8,84.0,976,0.028,46,31,95.0,0
813,10,19.1,0.0,2.4,69.0,682,0.039,56,33,89.0,0
816,10,19.1,0.0,2.0,54.0,1873,0.032,29,18,101.0,0
856,10,20.8,0.0,1.8,45.0,1988,0.03,53,21,94.0,0
910,10,12.6,0.0,2.5,50.0,2000,0.018,42,25,76.0,0
954,10,19.8,0.0,2.1,48.0,488,0.032,130,73,106.0,0
975,10,13.8,0.0,0.3,54.0,889,0.014,78,35,78.0,0
991,10,19.8,0.0,2.8,71.0,679,0.048,60,36,74.0,0
1027,10,21.0,0.0,0.3,57.0,1463,0.01,41,27,99.0,0
1036,10,16.2,0.0,2.9,36.0,2000,0.033,22,10,107.0,0
1058,10,12.2,0.0,3.5,41.0,1594,0.02,131,24,76.0,0
1161,10,22.5,0.0,1.4,48.0,1364,0.039,47,29,92.0,0
1192,10,21.8,0.0,1.0,34.0,1092,0.016,68,39,92.0,0
1198,10,20.0,0.0,1.0,32.0,1777,0.015,58,31,95.0,0
1204,10,21.1,0.0,1.1,66.0,535,0.057,64,41,95.0,0
1210,10,22.3,0.0,1.4,54.0,990,0.016,35,23,90.0,0
1243,10,17.8,0.0,2.1,47.0,764,0.054,166,41,71.0,0
1359,10,14.8,0.0,1.9,37.0,1688,0.018,48,25,72.0,0
1374,10,11.1,0.0,3.9,18.0,1963,0.027,55,12,77.0,0
1421,10,11.2,0.0,1.5,58.0,1275,0.019,66,24,70.0,0
1440,10,11.5,0.0,2.7,75.0,657,0.011,37,30,66.0,0
1496,10,8.7,0.0,0.6,61.0,1949,0.018,21,20,61.0,0
1530,10,14.4,0.0,2.1,49.0,1581,0.025,49,25,82.0,0
1531,10,12.7,0.0,0.9,52.0,1566,0.021,53,25,64.0,0
1681,10,20.9,0.0,2.1,35.0,1944,0.031,28,19,84.0,0
1752,10,14.0,0.0,3.6,29.0,2000,0.033,38,25,76.0,0
1887,10,21.7,0.0,0.9,47.0,1849,0.023,49,30,97.0,0
1902,10,13.5,0.0,3.5,71.0,838,0.022,48,35,82.0,0
1917,10,14.2,0.0,1.8,51.0,990,0.042,58,30,101.0,0
1933,10,14.7,0.0,1.8,66.0,668,0.046,69,38,66.0,0
1956,10,18.2,0.0,1.0,52.0,1126,0.01,51,28,96.0,0
2006,10,15.5,0.0,1.9,53.0,632,0.017,82,42,106.0,0
2012,10,15.7,0.0,2.7,61.0,1203,0.035,42,26,79.0,0
2064,10,17.3,0.0,1.0,41.0,1757,0.007,70,40,13.0,0
2078,10,15.8,0.0,5.0,55.0,1903,0.042,48,15,84.0,0
2116,10,21.1,0.0,1.4,40.0,1855,0.03,45,27,81.0,0
58,11,21.2,0.0,2.3,45.0,1929,0.034,30,19,115.0,0
89,11,23.4,0.0,2.3,34.0,1911,0.042,44,25,95.0,0
124,11,15.0,0.0,1.4,50.0,1517,0.03,48,24,86.0,0
145,11,23.3,0.0,1.2,32.0,1001,0.027,63,33,104.0,0
158,11,21.5,0.0,1.9,37.0,1284,0.053,90,37,112.0,0
221,11,22.2,0.0,2.2,38.0,676,0.04,106,52,85.0,0
235,11,17.4,0.0,2.7,46.0,876,0.019,76,35,111.0,0
280,11,19.6,0.0,2.9,50.0,602,0.061,193,54,66.0,0
339,11,16.4,0.0,4.1,26.0,1923,0.034,40,16,101.0,0
385,11,14.9,0.0,2.5,33.0,1928,0.023,38,20,85.0,0
472,11,24.0,0.0,2.2,42.0,1966,0.038,44,26,121.0,0
473,11,23.4,0.0,1.8,58.0,690,0.057,64,40,95.0,0
625,11,22.0,0.0,2.0,39.0,1677,0.037,46,28,88.0,0
676,11,16.9,0.0,5.5,35.0,1948,0.045,51,13,52.0,0
716,11,22.9,0.0,2.1,31.0,1947,0.04,25,18,127.0,0
743,11,17.2,0.0,2.9,74.0,1307,0.029,39,25,81.0,0
747,11,24.0,0.0,1.5,48.0,1303,0.017,45,28,92.0,0
750,11,17.1,0.0,5.3,40.0,1984,0.043,53,14,110.0,0
757,11,18.4,0.0,0.9,57.0,1437,0.027,39,21,78.0,0
789,11,16.8,0.0,1.3,61.0,682,0.042,69,40,109.0,0
804,11,17.1,0.0,2.4,55.0,1982,0.035,55,12,98.0,0
835,11,14.5,0.0,2.1,67.0,912,0.027,44,32,75.0,0
911,11,20.3,0.0,2.4,69.0,670,0.054,58,38,85.0,0
912,11,20.3,0.0,2.6,56.0,576,0.03,60,30,95.0,0
952,11,24.0,0.0,1.7,34.0,1319,0.019,72,42,114.0,0
1072,11,9.3,0.0,2.3,60.0,1966,0.014,32,30,98.0,0
1125,11,12.5,0.0,1.6,44.0,1725,0.011,91,30,64.0,0
1164,11,22.8,0.0,3.0,53.0,1838,0.017,34,23,100.0,0
1170,11,14.5,0.0,2.2,61.0,772,0.016,43,41,71.0,0
1195,11,16.8,0.0,3.2,61.0,1129,0.046,47,25,94.0,0
1372,11,12.3,0.0,4.5,13.0,2000,0.036,48,13,82.0,0
1388,11,15.1,0.0,1.6,27.0,989,0.018,73,62,56.0,0
1457,11,16.9,0.0,1.8,35.0,1283,0.05,61,32,113.0,0
1458,11,24.4,0.0,1.9,41.0,1362,0.035,48,27,90.0,0
1481,11,14.7,0.0,3.6,76.0,447,0.017,84,70,86.0,0
1482,11,17.8,0.0,0.9,39.0,1628,0.006,77,40,10.0,0
1483,11,23.5,0.0,3.0,33.0,1801,0.03,50,32,108.0,0
1494,11,13.7,0.0,3.8,36.0,1789,0.034,100,24,73.0,0
1526,11,22.7,0.0,4.7,41.0,1781,0.048,38,21,85.0,0
1581,11,9.6,0.0,3.3,99.0,269,0.024,22,30,37.0,0
1589,11,17.6,0.0,2.3,30.0,1064,0.032,43,20,88.0,0
1599,11,16.3,0.0,3.5,20.0,2000,0.036,31,21,76.0,0
1601,11,22.7,0.0,2.9,38.0,1967,0.043,26,20,111.0,0
1715,11,18.3,0.0,2.7,33.0,2000,0.029,25,13,133.0,0
1767,11,20.1,0.0,2.6,49.0,1273,0.023,51,33,87.0,0
1795,11,23.8,0.0,1.8,34.0,2000,0.019,32,20,108.0,0
1830,11,16.7,0.0,3.9,39.0,1563,0.031,45,25,95.0,0
1893,11,19.9,0.0,1.1,51.0,750,0.027,69,43,106.0,0
1936,11,16.8,0.0,4.2,16.0,1228,0.031,197,22,67.0,0
1981,11,12.5,0.0,3.6,42.0,1104,0.006,79,62,23.0,0
1982,11,13.3,0.0,1.6,40.0,1569,0.018,74,32,84.0,0
1987,11,15.6,0.0,2.7,49.0,1345,0.016,85,38,99.0,0
1989,11,18.3,0.0,0.8,58.0,941,0.018,56,24,88.0,0
1992,11,11.7,0.0,2.0,47.0,513,0.031,95,86,55.0,0
2019,11,17.5,0.0,3.1,56.0,1237,0.043,106,19,91.0,0
2036,11,17.2,0.0,0.2,52.0,1114,0.01,124,31,65.0,0
2054,11,20.6,0.0,3.5,63.0,1420,0.05,37,24,103.0,0
2061,11,12.0,0.0,2.1,76.0,342,0.017,66,60,87.0,0
2066,11,10.1,0.0,1.5,59.0,990,0.015,39,30,78.0,0
2089,11,23.3,0.0,1.2,53.0,1650,0.021,29,16,119.0,0
2112,11,14.5,0.0,2.7,41.0,1995,0.031,29,17,78.0,0
104,12,18.6,0.0,3.2,56.0,1276,0.05,51,24,120.0,0
148,12,18.6,0.0,1.4,57.0,788,0.042,74,43,116.0,0
171,12,18.3,0.0,5.3,37.0,1992,0.045,48,11,125.0,0
233,12,25.7,0.0,1.6,44.0,1144,0.02,49,30,119.0,0
285,12,25.3,0.0,2.6,39.0,1809,0.048,33,24,168.0,0
292,12,23.5,0.0,2.0,55.0,1788,0.027,26,18,138.0,0
353,12,24.7,0.0,2.7,31.0,2000,0.05,26,17,142.0,0
377,12,18.0,0.0,5.0,18.0,1268,0.037,163,16,77.0,0
390,12,23.7,0.0,2.6,36.0,1534,0.045,53,30,125.0,0
462,12,25.0,0.0,1.9,54.0,699,0.056,66,41,113.0,0
508,12,13.1,0.0,3.1,48.0,1012,0.016,70,57,22.0,0
526,12,21.8,0.0,3.6,47.0,1903,0.056,34,21,147.0,0
536,12,19.7,0.0,3.5,45.0,1307,0.053,124,21,80.0,0
560,12,17.3,0.0,7.7,37.0,1999,0.051,60,12,21.0,0
581,12,18.0,0.0,2.3,53.0,978,0.015,123,34,122.0,0
595,12,17.2,0.0,3.4,56.0,1478,0.035,34,24,19.0,0
663,12,21.9,0.0,2.6,41.0,1618,0.04,46,25,113.0,0
666,12,13.8,0.0,2.8,42.0,516,0.031,104,89,82.0,0
690,12,21.4,0.0,3.0,46.0,565,0.064,213,57,104.0,0
791,12,26.1,0.0,2.4,36.0,1562,0.043,52,31,141.0,0
823,12,22.3,0.0,2.8,51.0,575,0.037,59,29,121.0,0
842,12,18.4,0.0,2.9,51.0,1870,0.037,56,14,122.0,0
849,12,15.5,0.0,2.2,25.0,1987,0.029,71,30,113.0,0
873,12,16.2,0.0,2.9,57.0,946,0.027,59,29,108.0,0
909,12,17.6,0.0,1.7,42.0,1712,0.034,72,28,140.0,0
988,12,20.6,0.0,2.1,62.0,1330,0.045,38,24,105.0,0
1021,12,13.3,0.0,2.1,42.0,1909,0.013,87,29,82.0,0
1087,12,23.1,0.0,1.5,34.0,1352,0.052,78,41,134.0,0
1094,12,17.9,1.0,2.0,51.0,1997,0.007,73,40,2.0,0
1105,12,19.1,0.0,3.9,24.0,1890,0.058,48,22,105.0,0
1121,12,19.1,0.0,1.7,59.0,842,0.016,68,26,115.0,0
1160,12,13.1,0.0,4.6,14.0,1910,0.041,58,11,96.0,0
1201,12,18.0,0.0,3.1,16.0,2000,0.042,24,17,98.0,0
1202,12,19.7,0.0,2.4,41.0,732,0.022,75,38,121.0,0
1275,12,25.5,0.0,1.5,31.0,2000,0.022,31,18,112.0,0
1302,12,25.0,0.0,3.1,31.0,1840,0.047,48,26,136.0,0
1309,12,24.5,0.0,3.1,34.0,1839,0.044,43,24,150.0,0
1426,12,9.9,0.0,2.0,57.0,1933,0.03,19,29,78.0,0
1509,12,18.7,0.0,4.6,34.0,1812,0.045,51,22,125.0,0
1519,12,25.0,0.0,1.8,27.0,2000,0.049,25,14,153.0,0
1573,12,17.4,0.0,2.8,74.0,1167,0.035,36,25,61.0,0
1608,12,14.7,0.0,2.3,65.0,399,0.017,69,59,101.0,0
1639,12,15.3,0.0,3.5,27.0,1900,0.041,67,21,129.0,0
1645,12,17.0,0.0,4.2,24.0,1987,0.036,59,29,146.0,0
1669,12,18.9,0.0,2.0,30.0,1600,0.054,58,29,148.0,0
1717,12,21.4,0.0,2.8,44.0,1375,0.044,61,37,116.0,0
1746,12,25.2,0.0,1.7,30.0,1665,0.028,60,36,117.0,0
1781,12,16.9,0.0,1.2,29.0,826,0.019,83,69,96.0,0
1784,12,16.6,0.0,1.9,44.0,1579,0.034,48,21,105.0,0
1812,12,18.1,0.0,3.5,17.0,1996,0.046,34,17,137.0,0
1823,12,19.5,0.0,2.1,32.0,2000,0.036,23,12,135.0,0
1853,12,10.2,0.0,2.8,91.0,634,0.019,26,25,60.0,0
1863,12,23.5,0.0,3.4,48.0,1663,0.026,33,22,151.0,0
1876,12,19.5,0.0,1.5,53.0,1684,0.03,40,17,124.0,0
1884,12,22.8,0.0,2.5,37.0,1961,0.036,32,17,165.0,0
2000,12,12.3,0.0,2.0,41.0,1332,0.025,43,39,149.0,0
2002,12,20.7,0.0,2.7,70.0,625,0.053,68,39,93.0,0
2008,12,17.1,0.0,5.6,52.0,2000,0.043,39,32,139.0,0
2088,12,24.0,0.0,1.5,34.0,838,0.037,96,47,94.0,0
2102,12,16.0,0.0,2.3,39.0,1834,0.034,39,23,121.0,0
2109,12,25.6,0.0,1.8,29.0,869,0.032,73,33,129.0,0
6,13,20.1,0.0,1.4,48.0,916,0.042,73,40,159.0,0
29,13,14.0,1.0,2.8,42.0,1518,0.03,49,37,5.0,0
33,13,22.6,0.0,3.3,41.0,987,0.046,64,39,208.0,0
64,13,19.8,0.0,1.8,29.0,1943,0.041,62,26,155.0,0
74,13,20.2,0.0,2.9,23.0,1304,0.065,43,18,110.0,0
92,13,13.5,0.0,3.2,32.0,1758,0.042,41,37,172.0,0
103,13,25.3,0.0,2.4,31.0,1893,0.034,59,32,137.0,0
109,13,24.7,0.0,2.2,48.0,1926,0.036,26,18,121.0,0
203,13,19.3,0.0,3.2,52.0,929,0.011,126,37,148.0,0
229,13,26.4,0.0,4.1,27.0,1943,0.061,44,23,92.0,0
240,13,22.6,0.0,4.2,55.0,1486,0.046,32,23,115.0,0
277,13,18.2,0.0,2.7,39.0,1678,0.039,55,21,138.0,0
282,13,21.4,0.0,1.8,54.0,737,0.032,77,28,114.0,0
379,13,24.0,0.0,3.5,49.0,1986,0.051,42,29,119.0,0
402,13,15.8,0.0,2.5,61.0,455,0.02,75,66,141.0,0
468,13,19.4,0.0,4.9,55.0,1449,0.055,53,28,108.0,0
505,13,16.8,0.0,7.5,43.0,2000,0.053,55,17,3.0,0
517,13,10.3,0.0,1.4,89.0,599,0.022,27,26,55.0,0
541,13,26.3,0.0,2.0,42.0,1502,0.037,53,33,114.0,0
583,13,27.3,0.0,2.7,26.0,836,0.055,77,40,189.0,0
587,13,20.6,0.0,1.7,48.0,1813,0.035,40,18,107.0,0
669,13,21.6,0.0,3.5,34.0,990,0.037,78,40,184.0,0
683,13,19.4,0.0,2.5,16.0,2000,0.045,27,14,122.0,0
701,13,22.3,0.0,3.7,49.0,1819,0.057,38,22,118.0,0
710,13,19.0,0.0,1.9,28.0,697,0.045,87,78,88.0,0
755,13,17.7,0.0,2.4,50.0,1129,0.036,59,29,114.0,0
786,13,19.0,0.0,3.2,49.0,2000,0.04,55,17,122.0,0
834,13,14.3,0.0,4.5,14.0,2000,0.044,61,14,88.0,0
915,13,18.2,0.0,4.8,21.0,2000,0.046,59,29,104.0,0
1017,13,16.3,0.0,1.8,22.0,1975,0.034,56,25,71.0,0
1070,13,20.2,0.0,3.6,32.0,2000,0.043,20,12,107.0,0
1081,13,19.5,0.0,3.7,12.0,2000,0.046,21,14,111.0,0
1119,13,24.7,0.0,3.4,35.0,1492,0.063,54,32,104.0,0
1154,13,25.4,0.0,1.7,30.0,974,0.045,95,47,132.0,0
1206,13,23.0,0.0,3.4,36.0,2000,0.044,49,26,97.0,0
1229,13,25.6,0.0,3.8,32.0,1965,0.06,32,19,167.0,0
1271,13,19.1,0.0,5.2,18.0,1450,0.044,165,17,87.0,0
1353,13,23.6,0.0,3.4,36.0,1970,0.042,33,21,221.0,0
1360,13,24.5,0.0,3.5,38.0,773,0.045,59,29,161.0,0
1370,13,18.7,0.0,3.2,35.0,1631,0.047,50,32,91.0,0
1476,13,26.1,0.0,3.7,29.0,1890,0.067,38,21,173.0,0
1480,13,25.5,0.0,3.7,32.0,1841,0.057,37,22,143.0,0
1484,13,16.6,0.0,3.7,60.0,1328,0.043,36,25,12.0,0
1543,13,26.2,0.0,2.6,38.0,1610,0.025,41,26,91.0,0
1564,13,21.2,0.0,4.2,26.0,1542,0.056,129,27,108.0,0
1570,13,20.5,0.0,2.8,22.0,1959,0.064,51,26,214.0,0
1576,13,26.0,0.0,3.3,40.0,1766,0.053,38,23,173.0,0
1592,13,26.7,0.0,2.8,34.0,1687,0.052,53,31,91.0,0
1597,13,23.2,0.0,3.7,45.0,527,0.069,225,61,91.0,0
1672,13,20.1,0.0,5.0,32.0,1586,0.055,52,24,134.0,0
1702,13,27.1,0.0,2.3,48.0,761,0.064,75,47,86.0,0
1716,13,18.3,0.0,4.4,46.0,1996,0.053,14,15,184.0,0
1754,13,15.8,0.0,6.3,27.0,2000,0.044,59,29,106.0,0
1779,13,18.6,0.0,6.0,43.0,1980,0.046,58,16,188.0,0
1796,13,15.7,0.0,3.3,37.0,526,0.047,105,90,75.0,0
1914,13,20.8,0.0,2.2,70.0,570,0.045,68,40,83.0,0
1929,13,17.9,0.0,3.4,67.0,1467,0.038,42,28,70.0,0
1962,13,24.7,0.0,2.4,30.0,1461,0.063,77,39,199.0,0
2092,13,15.5,0.0,1.3,33.0,1716,0.018,82,28,80.0,0
2113,13,11.7,0.0,4.4,51.0,2000,0.037,22,22,103.0,0
20,14,17.2,0.0,2.1,32.0,1571,0.025,64,19,83.0,0
53,14,20.8,0.0,4.6,18.0,2000,0.071,38,22,258.0,0
79,14,19.4,0.0,5.7,40.0,1971,0.05,61,16,268.0,0
131,14,20.1,0.0,4.9,52.0,1331,0.063,53,28,130.0,0
138,14,22.0,0.0,5.5,57.0,1105,0.054,44,24,41.0,0
187,14,28.4,0.0,3.4,44.0,819,0.082,78,52,97.0,0
262,14,18.8,0.0,3.8,23.0,2000,0.047,40,14,113.0,0
316,14,23.4,0.0,2.6,43.0,844,0.047,71,46,229.0,0
337,14,17.8,0.0,2.7,56.0,524,0.025,72,59,203.0,0
365,14,23.1,0.0,3.6,44.0,620,0.08,237,62,91.0,0
400,14,27.2,0.0,2.0,36.0,1299,0.041,51,31,118.0,0
425,14,26.4,0.0,3.5,32.0,1911,0.067,29,18,229.0,0
434,14,20.0,0.0,1.9,44.0,930,0.034,124,39,156.0,0
477,14,26.8,0.0,4.2,28.0,1514,0.086,60,36,102.0,0
513,14,13.2,1.0,4.7,81.0,604,0.053,52,19,27.0,0
542,14,14.6,0.0,6.7,14.0,2000,0.048,59,11,93.0,0
552,14,17.2,0.0,3.5,28.0,1970,0.048,64,18,131.0,0
558,14,14.2,0.0,3.1,27.0,1564,0.053,49,46,186.0,0
707,14,11.2,0.0,2.7,80.0,1013,0.03,25,25,75.0,0
708,14,18.5,0.0,3.5,33.0,1636,0.041,68,25,121.0,0
722,14,24.6,0.0,2.6,32.0,1867,0.052,47,27,101.0,0
760,14,21.0,0.0,2.1,71.0,575,0.039,74,43,88.0,0
828,14,26.8,0.0,2.7,30.0,1835,0.078,40,24,180.0,0
880,14,27.1,0.0,2.2,29.0,856,0.055,88,42,113.0,0
892,14,18.8,0.0,3.7,53.0,1973,0.036,61,32,108.0,0
894,14,14.4,1.0,3.5,79.0,1395,0.039,41,28,1.0,0
898,14,26.3,0.0,2.1,25.0,1667,0.071,74,39,154.0,0
904,14,20.4,0.0,2.7,22.0,2000,0.049,45,19,235.0,0
958,14,20.9,0.0,5.3,29.0,1599,0.055,58,23,140.0,0
970,14,12.9,0.0,2.8,39.0,2000,0.046,19,29,164.0,0
973,14,26.7,0.0,1.2,37.0,1397,0.038,45,29,132.0,0
1012,14,23.2,0.0,6.0,42.0,1809,0.06,44,24,107.0,0
1035,14,17.5,0.0,3.5,30.0,807,0.059,94,85,76.0,0
1083,14,20.4,0.0,2.0,25.0,755,0.063,91,81,105.0,0
1095,14,21.9,0.0,2.3,45.0,925,0.049,72,36,181.0,0
1131,14,24.4,0.0,3.4,31.0,1972,0.061,36,22,217.0,0
1208,14,19.1,0.0,1.7,44.0,1155,0.036,34,29,112.0,0
1281,14,26.4,0.0,2.1,28.0,1731,0.045,59,34,149.0,0
1291,14,19.2,0.0,4.0,16.0,1935,0.048,24,13,149.0,0
1427,14,25.0,0.0,3.1,44.0,1989,0.053,27,17,161.0,0
1441,14,26.6,0.0,4.1,31.0,1976,0.076,43,25,225.0,0
1456,14,25.6,0.0,3.9,41.0,1598,0.061,40,27,226.0,0
1492,14,21.4,0.0,5.7,23.0,1825,0.058,102,18,136.0,0
1562,14,14.1,1.0,3.2,50.0,1645,0.045,46,39,2.0,0
1647,14,20.4,0.0,3.6,12.0,2000,0.047,23,13,108.0,0
1668,14,21.1,0.0,3.5,22.0,1855,0.068,46,22,127.0,0
1671,14,26.3,0.0,4.3,31.0,1060,0.09,58,29,190.0,0
1740,14,27.9,0.0,3.8,27.0,1836,0.065,51,30,115.0,0
1772,14,21.4,0.0,2.0,43.0,1722,0.045,39,22,132.0,0
1776,14,27.2,0.0,4.7,26.0,1866,0.068,47,27,107.0,0
1783,14,19.5,0.0,4.2,38.0,2000,0.053,18,14,224.0,0
1807,14,19.2,0.0,5.6,16.0,1424,0.045,153,17,106.0,0
1834,14,22.1,0.0,6.0,22.0,1732,0.053,66,33,243.0,0
1868,14,18.9,0.0,5.0,34.0,1602,0.06,60,35,112.0,0
1924,14,13.8,1.0,4.8,74.0,1955,0.044,33,23,1.0,0
1947,14,24.0,0.0,2.6,51.0,1946,0.042,34,26,92.0,0
1958,14,21.6,0.0,4.5,27.0,2000,0.049,20,10,150.0,0
2033,14,22.9,0.0,1.8,54.0,666,0.047,98,34,116.0,0
2055,14,19.1,0.0,2.2,67.0,1181,0.042,36,25,82.0,0
2070,14,16.5,0.0,3.8,20.0,2000,0.037,52,25,113.0,0
2157,14,28.4,0.0,1.9,20.0,1346,0.082,78,38,179.0,0
48,15,18.0,0.0,3.3,20.0,2000,0.045,54,21,106.0,0
67,15,19.7,0.0,4.5,31.0,1795,0.065,64,39,138.0,0
105,15,21.1,0.0,6.0,19.0,1957,0.072,35,17,348.0,0
128,15,29.1,0.0,3.9,20.0,1950,0.069,50,30,106.0,0
175,15,28.4,0.0,5.1,43.0,990,0.099,77,49,97.0,0
205,15,22.2,0.0,4.9,56.0,1501,0.058,46,24,11.0,0
231,15,19.7,0.0,4.6,16.0,1986,0.047,31,12,104.0,0
359,15,27.0,0.0,3.9,43.0,1090,0.043,54,32,133.0,0
383,15,19.2,0.0,5.4,23.0,2000,0.049,42,13,121.0,0
436,15,25.6,0.0,2.1,30.0,1894,0.066,44,25,114.0,0
503,15,13.4,1.0,3.7,62.0,969,0.043,43,35,2.0,0
528,15,12.7,1.0,4.8,88.0,293,0.044,57,28,8.0,0
531,15,21.2,0.0,3.7,12.0,2000,0.047,23,12,133.0,0
553,15,29.6,0.0,2.5,22.0,859,0.099,74,38,227.0,0
555,15,23.3,0.0,3.4,58.0,1818,0.036,32,22,110.0,0
579,15,19.7,0.0,3.4,61.0,1053,0.044,48,29,113.0,0
619,15,20.0,0.0,4.0,39.0,2000,0.055,22,17,281.0,0
632,15,18.8,0.0,3.8,41.0,1632,0.043,78,26,119.0,0
672,15,24.2,0.0,5.0,30.0,1937,0.067,48,25,140.0,0
693,15,21.6,0.0,3.4,21.0,2000,0.053,33,17,284.0,0
698,15,22.5,0.0,2.9,37.0,848,0.048,145,45,97.0,0
759,15,21.3,0.0,1.3,36.0,1368,0.041,30,27,146.0,0
940,15,20.3,0.0,4.0,51.0,1149,0.067,55,31,120.0,0
967,15,26.3,0.0,3.6,30.0,1805,0.057,50,22,131.0,0
1005,15,26.7,0.0,3.4,30.0,1682,0.057,64,32,205.0,0
1014,15,26.8,0.0,3.7,34.0,1923,0.076,44,29,237.0,0
1045,15,28.4,0.0,2.9,31.0,1247,0.054,44,29,126.0,0
1120,15,26.7,0.0,5.2,34.0,1968,0.079,48,23,275.0,0
1144,15,26.8,0.0,3.4,30.0,1980,0.065,27,18,246.0,0
1190,15,26.8,0.0,2.6,30.0,990,0.067,86,46,132.0,0
1217,15,12.3,1.0,2.5,89.0,1631,0.04,30,18,23.0,0
1294,15,21.9,0.0,5.4,21.0,1907,0.062,92,19,139.0,0
1331,15,20.8,0.0,5.1,25.0,1937,0.073,55,22,113.0,0
1352,15,21.3,0.0,2.2,44.0,1867,0.052,41,24,165.0,0
1362,15,21.3,0.0,3.8,21.0,875,0.077,92,83,111.0,0
1371,15,18.7,0.0,6.4,25.0,1157,0.045,158,15,74.0,0
1382,15,12.0,0.0,1.9,76.0,1216,0.034,23,28,63.0,0
1460,15,20.0,0.0,4.9,35.0,2000,0.052,68,13,311.0,0
1479,15,18.6,0.0,2.8,54.0,619,0.038,54,43,238.0,0
1491,15,15.0,0.0,5.0,29.0,1418,0.06,56,49,284.0,0
1523,15,15.9,0.0,4.3,15.0,2000,0.048,55,11,105.0,0
1638,15,17.9,0.0,3.2,33.0,1890,0.05,69,23,125.0,0
1649,15,18.5,0.0,4.1,24.0,849,0.064,92,83,78.0,0
1675,15,20.9,0.0,4.2,33.0,1598,0.056,65,29,143.0,0
1720,15,13.2,1.0,5.0,86.0,1087,0.047,22,17,14.0,0
1803,15,25.8,0.0,3.2,26.0,1986,0.059,29,19,256.0,0
1844,15,27.4,0.0,3.7,28.0,1237,0.091,57,28,318.0,0
1867,15,23.5,0.0,2.9,53.0,650,0.052,75,38,115.0,0
1873,15,23.3,0.0,2.7,37.0,963,0.069,79,47,269.0,0
1946,15,22.2,0.0,3.4,27.0,2000,0.05,22,10,152.0,0
1978,15,23.9,0.0,3.4,40.0,1259,0.067,66,43,302.0,0
1984,15,18.1,0.0,1.8,31.0,1865,0.029,67,24,98.0,0
2024,15,26.3,0.0,3.4,36.0,2000,0.057,24,17,123.0,0
2052,15,27.4,0.0,3.8,23.0,1957,0.067,47,22,104.0,0
2068,15,23.3,0.0,3.6,45.0,680,0.074,220,51,108.0,0
2073,15,19.6,0.0,4.1,53.0,1995,0.041,39,13,125.0,0
2111,15,13.2,0.0,4.6,34.0,1954,0.051,22,21,104.0,0
2153,15,27.4,0.0,1.7,23.0,1661,0.076,75,33,218.0,0
2156,15,20.2,0.0,3.8,75.0,547,0.039,65,43,105.0,0
2167,15,26.3,0.0,4.3,39.0,1925,0.062,37,23,272.0,0
2170,15,23.1,0.0,4.3,23.0,1798,0.064,54,29,266.0,0
37,16,19.4,0.0,5.9,21.0,2000,0.052,52,14,122.0,0
99,16,22.3,0.0,2.0,20.0,2000,0.055,33,19,264.0,0
149,16,15.8,0.0,5.3,17.0,1923,0.047,57,27,102.0,0
167,16,29.6,0.0,3.6,14.0,2000,0.061,49,28,164.0,0
172,16,23.4,0.0,3.6,39.0,1670,0.074,59,40,291.0,0
181,16,26.2,0.0,4.3,31.0,1718,0.061,47,23,136.0,0
255,16,11.6,1.0,4.3,92.0,320,0.041,57,27,36.0,0
284,16,18.2,0.0,2.7,30.0,1932,0.051,56,15,129.0,0
334,16,27.5,0.0,5.0,24.0,1916,0.067,45,27,148.0,0
367,16,19.2,0.0,3.5,54.0,2000,0.044,32,16,137.0,0
373,16,23.5,0.0,4.1,20.0,1947,0.067,48,25,332.0,0
382,16,21.1,0.0,5.6,21.0,1939,0.075,37,21,382.0,0
411,16,26.6,0.0,4.8,38.0,2000,0.063,30,23,300.0,0
417,16,26.2,0.0,3.9,33.0,2000,0.063,36,23,254.0,0
456,16,29.0,0.0,4.1,41.0,1207,0.106,72,49,126.0,0
575,16,18.4,1.0,8.0,77.0,1006,0.06,61,27,46.0,0
591,16,19.0,0.0,3.2,22.0,1285,0.067,71,59,125.0,0
604,16,24.2,0.0,3.4,33.0,1633,0.075,77,42,296.0,0
636,16,24.4,0.0,3.3,52.0,549,0.078,81,45,127.0,0
649,16,20.5,0.0,4.2,36.0,2000,0.055,20,14,302.0,0
679,16,20.0,0.0,4.9,24.0,1976,0.071,46,19,162.0,0
700,16,27.5,0.0,2.9,38.0,1863,0.083,51,28,263.0,0
712,16,19.7,0.0,5.4,38.0,1589,0.063,58,35,140.0,0
815,16,20.5,0.0,4.6,34.0,1962,0.053,61,14,337.0,0
855,16,18.5,0.0,4.2,38.0,1546,0.051,80,23,138.0,0
907,16,13.2,1.0,3.3,87.0,1342,0.044,24,17,52.0,0
920,16,23.9,0.0,6.0,22.0,2000,0.058,40,14,137.0,0
922,16,21.3,0.0,2.3,43.0,951,0.057,145,43,8.0,0
983,16,30.0,0.0,3.2,16.0,1183,0.1,70,38,304.0,0
1038,16,22.8,0.0,4.3,40.0,716,0.075,212,27,135.0,0
1074,16,11.6,0.0,3.2,80.0,628,0.029,36,33,79.0,0
1132,16,27.5,0.0,3.4,28.0,1984,0.062,22,14,284.0,0
1140,16,19.3,0.0,2.7,76.0,538,0.045,62,41,109.0,0
1224,16,27.8,0.0,1.5,22.0,1644,0.083,71,35,219.0,0
1225,16,26.1,0.0,3.4,27.0,2000,0.057,30,20,274.0,0
1316,16,20.3,0.0,4.8,34.0,1328,0.057,71,29,170.0,0
1319,16,13.0,0.0,3.7,74.0,1888,0.061,34,16,29.0,0
1324,16,15.1,0.0,4.2,26.0,1438,0.066,59,55,222.0,0
1337,16,18.7,0.0,4.9,36.0,1036,0.048,197,22,74.0,0
1350,16,27.7,0.0,1.3,27.0,764,0.065,94,47,127.0,0
1392,16,25.5,0.0,4.3,36.0,1849,0.08,48,27,143.0,0
1402,16,27.2,0.0,4.3,31.0,1281,0.088,57,27,246.0,0
1429,16,14.8,0.0,3.8,29.0,2000,0.054,31,27,172.0,0
1430,16,21.8,0.0,2.3,38.0,1992,0.05,41,21,142.0,0
1437,16,19.4,0.0,3.4,50.0,737,0.049,55,45,250.0,0
1497,16,23.6,0.0,4.4,51.0,1991,0.034,34,22,109.0,0
1575,16,29.4,0.0,2.2,24.0,1703,0.062,43,28,130.0,0
1652,16,17.7,0.0,2.3,32.0,1949,0.037,64,22,118.0,0
1690,16,19.9,0.0,4.8,15.0,1948,0.051,37,14,151.0,0
1708,16,22.8,0.0,1.1,37.0,1296,0.039,36,30,150.0,0
1727,16,19.3,0.0,4.3,65.0,1270,0.049,50,25,122.0,0
1731,16,22.5,0.0,5.6,23.0,1948,0.062,92,19,151.0,0
1760,16,19.0,0.0,3.0,22.0,1990,0.05,55,22,118.0,0
1775,16,22.3,0.0,3.6,11.0,2000,0.05,17,13,149.0,0
1805,16,26.9,0.0,3.7,33.0,1997,0.053,18,14,151.0,0
1821,16,27.7,0.0,2.3,39.0,888,0.061,63,38,142.0,0
1829,16,23.0,0.0,2.9,26.0,2000,0.061,22,8,182.0,0
1954,16,26.3,0.0,3.9,31.0,1821,0.069,55,31,188.0,0
2003,16,21.4,0.0,3.8,21.0,1022,0.076,74,67,110.0,0
2018,16,19.8,0.0,4.2,48.0,892,0.071,63,37,140.0,0
32,17,11.5,1.0,3.0,91.0,555,0.036,29,21,64.0,1
76,17,21.7,0.0,3.0,35.0,2000,0.06,32,19,213.0,1
77,17,25.1,0.0,4.5,33.0,2000,0.06,32,21,268.0,1
81,17,14.6,1.0,2.7,84.0,1645,0.044,21,14,93.0,1
173,17,21.8,0.0,4.0,23.0,1999,0.055,35,20,250.0,1
185,17,27.2,0.0,4.4,45.0,1621,0.082,55,32,304.0,1
201,17,20.8,0.0,3.2,22.0,1135,0.068,74,57,118.0,1
259,17,18.6,0.0,5.8,22.0,1935,0.062,62,16,148.0,1
321,17,23.0,0.0,2.5,40.0,921,0.034,43,35,159.0,1
366,17,22.3,0.0,2.7,42.0,819,0.073,200,28,151.0,1
415,17,24.1,0.0,2.8,53.0,525,0.082,88,51,158.0,1
461,17,28.8,0.0,2.9,40.0,1354,0.093,66,43,176.0,1
507,17,19.5,0.0,2.6,54.0,579,0.059,66,51,195.0,1
548,17,28.1,0.0,2.0,19.0,1665,0.088,65,35,248.0,1
584,17,19.9,1.0,0.9,56.0,1082,0.06,109,37,4.0,1
613,17,19.6,0.0,4.2,36.0,1231,0.059,77,29,205.0,1
647,17,26.6,0.0,4.0,39.0,1081,0.091,84,48,287.0,1
695,17,20.1,0.0,4.5,25.0,2000,0.06,58,29,236.0,1
741,17,20.3,0.0,5.5,35.0,2000,0.053,60,16,276.0,1
860,17,17.7,0.0,4.9,29.0,2000,0.049,53,15,147.0,1
921,17,17.5,0.0,3.7,46.0,1879,0.057,78,26,136.0,1
943,17,26.6,0.0,3.1,33.0,783,0.077,115,55,172.0,1
1011,17,18.9,0.0,4.2,55.0,2000,0.042,32,11,161.0,1
1044,17,22.4,0.0,4.5,39.0,1723,0.071,63,37,261.0,1
1061,17,27.4,0.0,2.8,21.0,2000,0.058,24,12,317.0,1
1115,17,23.5,0.0,2.8,38.0,1893,0.067,56,30,257.0,1
1152,17,27.0,0.0,4.7,27.0,2000,0.065,57,28,185.0,1
1169,17,9.5,1.0,1.4,68.0,2000,0.052,40,37,134.0,1
1176,17,20.8,0.0,5.1,22.0,1996,0.077,42,22,292.0,1
1258,17,19.1,0.0,4.3,31.0,1746,0.047,59,26,129.0,1
1264,17,18.0,0.0,7.1,38.0,1355,0.051,152,21,106.0,1
1269,17,25.0,0.0,4.9,37.0,1368,0.07,63,33,229.0,1
1289,17,25.7,0.0,5.6,41.0,1949,0.065,44,26,309.0,1
1300,17,26.4,0.0,4.2,30.0,1943,0.081,52,31,173.0,1
1313,17,15.2,0.0,5.8,14.0,1956,0.044,57,28,138.0,1
1383,17,12.9,1.0,3.3,82.0,1076,0.047,46,32,45.0,1
1411,17,19.6,0.0,3.4,44.0,844,0.066,74,43,166.0,1
1439,17,23.0,0.0,2.2,11.0,2000,0.052,19,14,214.0,1
1451,17,29.8,0.0,3.9,12.0,2000,0.058,40,11,215.0,1
1542,17,19.6,0.0,5.0,22.0,2000,0.047,41,16,181.0,1
1547,17,19.8,0.0,2.9,68.0,636,0.05,63,39,138.0,1
1606,17,17.2,0.0,4.0,32.0,1567,0.037,67,27,126.0,1
1620,17,25.8,0.0,3.2,27.0,1997,0.054,28,16,316.0,1
1749,17,19.6,0.0,4.0,37.0,2000,0.054,22,20,247.0,1
1814,17,22.8,0.0,3.2,58.0,1940,0.031,33,22,85.0,1
1828,17,23.5,0.0,4.1,17.0,2000,0.066,39,21,300.0,1
1839,17,29.1,0.0,2.3,24.0,1900,0.07,42,27,213.0,1
1848,17,15.5,0.0,3.8,26.0,1372,0.068,50,42,199.0,1
1906,17,23.5,0.0,4.9,24.0,2000,0.051,37,11,188.0,1
1912,17,11.4,0.0,2.3,79.0,1138,0.034,32,28,74.0,1
1940,17,20.6,0.0,3.2,56.0,1539,0.049,52,26,183.0,1
2025,17,18.2,0.0,4.6,28.0,925,0.07,72,59,132.0,1
2028,17,25.7,0.0,3.5,35.0,1951,0.069,51,27,200.0,1
2044,17,28.0,0.0,3.4,37.0,1114,0.068,61,42,187.0,1
2049,17,19.9,0.0,4.5,34.0,1822,0.059,53,33,154.0,1
2084,17,22.2,0.0,5.7,18.0,1948,0.06,88,21,158.0,1
2105,17,27.6,0.0,3.5,39.0,1963,0.052,27,17,222.0,1
2119,17,16.3,1.0,5.9,88.0,492,0.059,38,22,92.0,1
2142,17,29.2,0.0,3.9,25.0,769,0.112,69,38,324.0,1
2179,17,21.1,0.0,3.1,47.0,1973,0.046,38,17,170.0,1
9,18,29.5,0.0,4.8,7.0,2000,0.057,27,11,431.0,1
34,18,18.0,1.0,1.9,82.0,685,0.044,99,42,15.0,1
165,18,25.4,0.0,3.4,33.0,2000,0.06,40,21,369.0,1
178,18,13.3,0.0,4.3,73.0,1518,0.044,45,22,145.0,1
207,18,15.2,0.0,7.4,84.0,453,0.062,62,28,115.0,1
227,18,25.3,0.0,4.7,31.0,2000,0.061,30,17,293.0,1
239,18,19.4,0.0,4.5,37.0,1789,0.058,54,31,305.0,1
459,18,22.0,0.0,3.3,11.0,2000,0.053,17,13,336.0,1
509,18,19.8,0.0,5.3,21.0,2000,0.072,38,22,266.0,1
516,18,22.6,0.0,5.4,18.0,2000,0.066,39,21,252.0,1
537,18,18.3,0.0,4.3,43.0,1304,0.056,76,30,299.0,1
546,18,20.9,0.0,4.2,51.0,686,0.031,59,50,275.0,1
586,18,21.9,0.0,4.1,17.0,1987,0.056,61,16,150.0,1
654,18,20.3,0.0,4.1,24.0,2000,0.059,57,27,320.0,1
692,18,29.3,0.0,2.6,32.0,1661,0.082,45,32,380.0,1
697,18,18.1,0.0,4.1,61.0,2000,0.039,27,16,339.0,1
736,18,26.4,0.0,4.4,50.0,1381,0.083,54,33,305.0,1
761,18,10.6,0.0,3.3,83.0,1108,0.027,31,29,177.0,1
771,18,25.9,0.0,4.5,31.0,2000,0.079,54,29,366.0,1
785,18,24.8,0.0,2.5,48.0,671,0.077,75,48,316.0,1
822,18,27.1,0.0,2.8,26.0,2000,0.057,20,14,342.0,1
963,18,23.8,0.0,3.5,39.0,1777,0.053,66,36,277.0,1
982,18,17.9,0.0,4.5,24.0,2000,0.054,55,17,272.0,1
989,18,16.7,0.0,3.9,36.0,1892,0.044,77,28,239.0,1
997,18,22.9,0.0,5.5,29.0,2000,0.049,36,9,375.0,1
1003,18,12.1,0.0,0.9,46.0,2000,0.049,24,22,137.0,1
1023,18,17.4,0.0,4.1,30.0,2000,0.044,56,23,303.0,1
1030,18,26.7,0.0,4.2,32.0,913,0.095,86,47,286.0,1
1101,18,20.8,0.0,3.9,48.0,1966,0.045,41,21,327.0,1
1148,18,18.0,0.0,2.8,29.0,884,0.065,56,29,207.0,1
1156,18,23.7,0.0,6.4,49.0,1967,0.048,38,20,304.0,1
1159,18,22.1,0.0,3.0,41.0,1921,0.062,54,33,234.0,1
1165,18,16.9,0.0,2.4,64.0,570,0.05,73,57,171.0,1
1221,18,19.5,0.0,3.7,23.0,1245,0.069,77,63,216.0,1
1222,18,27.7,0.0,2.8,35.0,1712,0.08,59,36,425.0,1
1266,18,14.2,0.0,3.6,33.0,1082,0.066,64,51,113.0,1
1272,18,18.9,0.0,4.4,22.0,2000,0.046,41,18,318.0,1
1274,18,17.4,0.0,4.8,44.0,1342,0.065,74,36,215.0,1
1325,18,24.6,0.0,4.4,29.0,2000,0.059,29,15,317.0,1
1343,18,27.5,0.0,3.4,34.0,2000,0.05,56,29,402.0,1
1357,18,18.2,0.0,3.8,39.0,2000,0.051,23,18,211.0,1
1368,18,19.8,0.0,3.0,66.0,805,0.063,67,42,266.0,1
1443,18,16.8,0.0,3.6,49.0,1730,0.05,71,25,273.0,1
1515,18,23.2,0.0,1.3,35.0,1954,0.061,52,34,247.0,1
1518,18,25.6,0.0,3.0,41.0,1213,0.092,85,47,253.0,1
1591,18,14.0,0.0,3.7,14.0,1992,0.045,56,29,221.0,1
1678,18,21.7,0.0,3.4,60.0,1920,0.025,37,21,24.0,1
1687,18,17.8,0.0,6.5,36.0,1353,0.054,122,19,101.0,1
1701,18,18.8,0.0,2.5,52.0,773,0.054,75,45,279.0,1
1714,18,23.1,0.0,2.6,31.0,2000,0.039,29,15,402.0,1
1738,18,11.2,0.0,3.3,90.0,404,0.033,33,28,206.0,1
1825,18,20.7,0.0,3.1,56.0,1804,0.05,47,26,297.0,1
1852,18,21.1,0.0,3.3,42.0,832,0.064,192,29,236.0,1
1904,18,15.1,0.0,2.0,76.0,1992,0.053,24,19,186.0,1
1968,18,25.2,0.0,4.9,25.0,2000,0.064,56,29,332.0,1
2031,18,19.7,0.0,5.7,35.0,2000,0.052,54,17,280.0,1
2090,18,27.5,0.0,3.8,47.0,1507,0.083,64,40,398.0,1
2138,18,28.1,0.0,4.4,25.0,862,0.125,94,53,300.0,1
2154,18,20.3,0.0,4.7,25.0,1994,0.053,43,20,242.0,1
2173,18,24.8,0.0,3.6,33.0,1262,0.084,113,49,303.0,1
55,19,11.4,0.0,2.2,87.0,800,0.04,39,27,150.0,1
72,19,18.9,0.0,2.8,59.0,1806,0.042,49,26,218.0,1
142,19,25.0,0.0,3.7,24.0,2000,0.054,41,23,252.0,1
146,19,17.8,0.0,3.6,53.0,746,0.04,83,47,204.0,1
168,19,20.0,0.0,3.8,72.0,1406,0.022,37,22,5.0,1
193,19,27.0,0.0,3.6,39.0,2000,0.047,53,28,319.0,1
408,19,23.5,0.0,4.4,33.0,1428,0.064,98,41,201.0,1
413,19,22.5,0.0,3.7,53.0,904,0.082,84,53,262.0,1
432,19,24.1,0.0,4.2,34.0,2000,0.051,36,16,278.0,1
448,19,21.7,0.0,3.8,19.0,2000,0.064,37,20,191.0,1
475,19,15.3,0.0,3.3,40.0,2000,0.045,59,26,188.0,1
476,19,10.8,1.0,3.9,92.0,250,0.032,34,28,1.0,1
479,19,21.2,0.0,1.9,47.0,1881,0.041,42,25,296.0,1
522,19,28.7,0.0,3.3,8.0,2000,0.052,22,10,317.0,1
582,19,11.7,0.0,2.6,51.0,2000,0.043,29,25,77.0,1
601,19,15.9,0.0,3.5,47.0,1626,0.043,79,25,205.0,1
620,19,26.5,0.0,4.4,31.0,1973,0.071,45,28,324.0,1
626,19,16.8,0.0,6.2,41.0,1467,0.056,108,20,111.0,1
713,19,18.8,0.0,4.3,28.0,2000,0.051,40,19,211.0,1
788,19,20.7,0.0,3.8,42.0,1993,0.057,50,27,197.0,1
832,19,17.3,0.0,2.6,40.0,2000,0.049,19,15,137.0,1
838,19,16.9,0.0,4.4,49.0,1349,0.053,75,31,195.0,1
844,19,15.9,0.0,4.9,53.0,961,0.063,78,41,146.0,1
888,19,20.7,0.0,4.3,19.0,2000,0.054,51,13,165.0,1
916,19,14.6,0.0,3.0,76.0,1996,0.045,25,22,147.0,1
929,19,24.3,0.0,3.9,30.0,2000,0.058,28,17,226.0,1
968,19,17.8,0.0,3.2,60.0,2000,0.038,26,15,232.0,1
1001,19,27.2,0.0,2.6,44.0,1566,0.084,59,38,335.0,1
1062,19,17.8,0.0,4.7,25.0,2000,0.048,40,16,200.0,1
1085,19,16.7,1.0,0.7,88.0,577,0.037,82,37,39.0,1
1088,19,14.8,0.0,3.7,82.0,892,0.051,46,30,136.0,1
1138,19,19.8,0.0,2.4,65.0,938,0.057,57,37,215.0,1
1168,19,18.5,0.0,4.5,27.0,2000,0.061,48,20,191.0,1
1335,19,20.2,0.0,3.0,40.0,928,0.058,180,40,187.0,1
1446,19,25.9,0.0,3.1,41.0,2000,0.053,29,21,310.0,1
1459,19,24.8,0.0,2.9,32.0,1937,0.075,52,32,244.0,1
1474,19,18.7,0.0,4.7,37.0,1676,0.06,65,37,202.0,1
1508,19,13.3,0.0,2.0,71.0,1403,0.055,48,24,107.0,1
1510,19,22.2,0.0,4.2,29.0,2000,0.046,38,12,241.0,1
1548,19,25.1,0.0,4.7,55.0,1222,0.083,60,38,293.0,1
1619,19,18.9,0.0,5.0,40.0,2000,0.053,49,12,214.0,1
1629,19,21.6,0.0,3.4,36.0,2000,0.038,33,14,315.0,1
1664,19,27.2,0.0,4.1,44.0,2000,0.067,47,32,331.0,1
1684,19,23.7,0.0,4.1,29.0,2000,0.062,28,17,282.0,1
1688,19,22.5,0.0,4.1,54.0,2000,0.044,34,22,228.0,1
1699,19,19.4,0.0,3.1,55.0,649,0.03,70,58,213.0,1
1721,19,16.0,0.0,3.7,28.0,2000,0.038,43,18,190.0,1
1741,19,22.3,0.0,1.1,36.0,2000,0.056,54,28,213.0,1
1753,19,17.7,0.0,4.1,25.0,1301,0.07,67,58,143.0,1
1756,19,24.6,0.0,1.6,49.0,740,0.07,80,46,193.0,1
1758,19,15.2,0.0,3.7,70.0,588,0.031,65,51,124.0,1
1833,19,24.4,0.0,3.6,39.0,696,0.1,93,53,247.0,1
1910,19,18.3,0.0,5.2,24.0,2000,0.067,36,21,226.0,1
1957,19,25.9,0.0,7.0,25.0,1246,0.098,73,42,280.0,1
2007,19,21.7,0.0,2.2,12.0,2000,0.052,17,10,214.0,1
2016,19,16.2,0.0,3.5,31.0,950,0.06,53,28,167.0,1
2048,19,23.3,0.0,3.5,40.0,1942,0.041,55,29,227.0,1
2057,19,16.6,0.0,5.0,25.0,2000,0.048,54,18,199.0,1
2101,19,12.7,0.0,3.5,34.0,1250,0.065,75,62,87.0,1
2137,19,12.4,0.0,4.5,15.0,2000,0.044,63,15,136.0,1
2168,19,10.6,0.0,0.8,84.0,1091,0.033,23,22,114.0,1
3,20,16.3,1.0,1.5,89.0,576,0.027,76,33,49.0,0
84,20,15.6,0.0,3.2,30.0,1211,0.06,69,58,130.0,0
136,20,20.7,0.0,4.1,31.0,2000,0.043,40,13,191.0,0
157,20,11.4,0.0,2.5,85.0,716,0.033,38,26,102.0,0
170,20,16.9,0.0,3.4,63.0,1966,0.041,46,22,185.0,0
176,20,22.7,0.0,3.1,41.0,732,0.1,102,60,249.0,0
197,20,10.4,0.0,1.7,84.0,1337,0.018,27,27,86.0,0
216,20,23.6,0.0,4.0,60.0,1082,0.078,61,37,247.0,0
237,20,23.2,0.0,4.7,38.0,2000,0.043,41,29,278.0,0
257,20,14.2,0.0,2.5,76.0,1736,0.043,29,24,138.0,0
299,20,16.4,0.0,4.2,33.0,2000,0.052,53,24,155.0,0
313,20,10.2,0.0,2.3,47.0,2000,0.047,41,29,61.0,0
318,20,19.7,0.0,4.3,60.0,1991,0.042,35,24,244.0,0
336,20,15.4,0.0,5.3,46.0,1536,0.058,99,23,81.0,0
399,20,19.9,0.0,1.5,13.0,2000,0.045,18,14,168.0,0
430,20,25.7,0.0,2.7,54.0,1978,0.025,48,31,252.0,0
437,20,19.3,0.0,2.4,36.0,935,0.046,176,39,123.0,0
438,20,16.9,0.0,3.5,64.0,754,0.03,68,53,124.0,0
550,20,17.4,0.0,3.5,30.0,1815,0.056,72,41,135.0,0
680,20,12.9,0.0,4.0,70.0,1355,0.053,54,27,85.0,0
793,20,22.7,0.0,4.0,36.0,2000,0.055,29,19,238.0,0
799,20,20.1,0.0,2.5,52.0,2000,0.038,37,22,215.0,0
830,20,24.8,0.0,3.3,55.0,1442,0.069,62,37,290.0,0
846,20,13.5,0.0,3.3,76.0,538,0.021,64,53,106.0,0
862,20,20.7,0.0,3.1,37.0,2000,0.035,31,16,219.0,0
878,20,16.5,0.0,3.4,29.0,2000,0.061,41,25,135.0,0
879,20,27.7,0.0,2.9,9.0,2000,0.049,20,11,271.0,0
905,20,22.6,0.0,2.3,43.0,1963,0.034,54,29,218.0,0
908,20,22.5,0.0,4.8,29.0,2000,0.053,37,22,200.0,0
928,20,18.5,1.0,2.6,89.0,296,0.019,40,29,38.0,0
931,20,20.6,0.0,2.6,60.0,830,0.07,53,51,190.0,0
965,20,23.1,0.0,3.0,50.0,2000,0.04,36,26,244.0,0
1075,20,19.2,0.0,2.6,48.0,1999,0.056,54,31,162.0,0
1084,20,18.5,0.0,5.3,21.0,2000,0.049,47,16,130.0,0
1103,20,17.1,0.0,2.4,61.0,2000,0.036,23,11,210.0,0
1128,20,20.1,0.0,4.2,22.0,1988,0.058,38,20,196.0,0
1179,20,16.9,0.0,2.4,55.0,848,0.049,81,50,142.0,0
1196,20,16.5,0.0,3.3,31.0,2000,0.058,39,18,181.0,0
1197,20,15.0,0.0,2.7,81.0,979,0.04,37,21,109.0,0
1212,20,22.7,0.0,4.7,34.0,1444,0.086,74,37,226.0,0
1235,20,10.8,1.0,3.0,94.0,152,0.03,34,33,1.0,0
1256,20,14.5,0.0,2.9,54.0,1707,0.029,79,25,150.0,0
1323,20,21.6,0.0,3.7,36.0,1729,0.055,84,33,165.0,0
1329,20,15.5,0.0,2.9,57.0,1232,0.045,74,29,146.0,0
1342,20,17.3,0.0,3.8,47.0,2000,0.052,47,16,155.0,0
1348,20,25.0,0.0,3.2,50.0,2000,0.041,35,25,239.0,0
1387,20,14.0,0.0,4.9,65.0,690,0.061,81,47,109.0,0
1415,20,10.7,0.0,3.8,38.0,1246,0.064,72,60,87.0,0
1527,20,15.9,0.0,3.5,43.0,2000,0.045,21,17,128.0,0
1657,20,21.8,0.0,4.4,40.0,2000,0.048,35,19,188.0,0
1695,20,23.2,0.0,2.5,55.0,692,0.059,84,48,199.0,0
1780,20,22.4,0.0,3.5,32.0,2000,0.051,33,18,274.0,0
1800,20,11.3,0.0,3.6,16.0,2000,0.041,65,15,84.0,0
1804,20,23.2,0.0,2.3,37.0,1952,0.07,53,31,213.0,0
1964,20,15.0,0.0,4.4,35.0,2000,0.052,49,18,170.0,0
2022,20,16.1,0.0,4.3,24.0,2000,0.045,47,15,169.0,0
2096,20,14.0,0.0,2.9,35.0,910,0.061,53,28,117.0,0
2100,20,14.2,0.0,3.6,33.0,2000,0.035,42,20,138.0,0
2131,20,19.6,0.0,1.7,66.0,1142,0.053,54,33,171.0,0
2152,20,14.0,0.0,4.3,44.0,2000,0.043,48,19,150.0,0
2163,20,21.5,0.0,1.0,33.0,2000,0.049,60,32,201.0,0
16,21,16.0,0.0,6.0,21.0,1961,0.05,90,28,146.0,0
30,21,18.8,0.0,2.2,34.0,2000,0.04,32,14,217.0,0
56,21,10.2,0.0,0.5,84.0,1668,0.021,24,29,127.0,0
86,21,14.7,0.0,2.9,46.0,1754,0.051,88,19,88.0,0
88,21,20.1,0.0,1.2,42.0,1716,0.049,70,31,187.0,0
96,21,18.8,0.0,3.9,64.0,687,0.07,87,52,190.0,0
97,21,18.6,0.0,2.3,35.0,987,0.031,178,37,139.0,0
127,21,22.1,0.0,2.6,56.0,2000,0.028,30,21,222.0,0
180,21,12.9,0.0,3.4,48.0,2000,0.042,45,23,132.0,0
182,21,15.5,0.0,3.2,64.0,1994,0.039,40,19,194.0,0
213,21,10.5,0.0,2.6,17.0,2000,0.038,58,15,122.0,0
308,21,15.0,0.0,2.7,30.0,2000,0.056,33,21,109.0,0
331,21,19.4,0.0,3.4,40.0,2000,0.04,33,17,199.0,0
442,21,18.0,0.0,2.7,51.0,1967,0.056,54,33,178.0,0
482,21,14.6,0.0,3.8,29.0,2000,0.044,43,19,163.0,0
512,21,15.5,0.0,3.4,45.0,2000,0.054,45,21,163.0,0
519,21,13.3,0.0,3.1,48.0,1880,0.052,54,26,162.0,0
538,21,21.4,0.0,3.7,49.0,1790,0.027,54,30,207.0,0
668,21,13.1,0.0,2.7,60.0,1582,0.025,76,28,121.0,0
773,21,21.3,0.0,0.8,47.0,715,0.092,100,56,229.0,0
783,21,13.6,0.0,2.9,67.0,540,0.061,87,59,136.0,0
792,21,15.8,0.0,1.1,87.0,620,0.026,54,27,75.0,0
797,21,21.0,0.0,3.0,41.0,2000,0.046,33,22,232.0,0
826,21,13.5,0.0,3.6,71.0,2000,0.039,33,27,141.0,0
868,21,15.7,0.0,3.2,52.0,2000,0.049,49,16,126.0,0
933,21,15.2,0.0,1.3,68.0,747,0.017,60,50,144.0,0
995,21,9.5,0.0,2.2,46.0,1139,0.056,70,61,73.0,0
1056,21,15.2,0.0,3.6,64.0,523,0.04,81,50,162.0,0
1065,21,18.8,0.0,4.6,69.0,2000,0.039,32,20,189.0,0
1067,21,21.1,0.0,2.7,55.0,2000,0.035,34,29,256.0,0
1069,21,22.2,0.0,1.8,63.0,649,0.058,86,49,233.0,0
1158,21,14.7,0.0,3.1,37.0,1984,0.054,53,25,161.0,0
1182,21,16.6,0.0,1.7,64.0,2000,0.031,30,17,192.0,0
1203,21,13.9,0.0,2.8,66.0,1064,0.04,70,31,127.0,0
1263,21,12.7,0.0,3.5,37.0,2000,0.033,62,19,152.0,0
1279,21,17.9,1.0,0.2,91.0,553,0.021,33,27,86.0,0
1361,21,12.8,0.0,2.8,34.0,1045,0.046,77,66,149.0,0
1378,21,19.9,0.0,2.0,33.0,2000,0.049,36,22,215.0,0
1438,21,23.8,0.0,3.0,62.0,1906,0.018,37,24,205.0,0
1487,21,14.7,0.0,1.6,31.0,1175,0.052,77,68,138.0,0
1498,21,25.6,0.0,2.7,11.0,2000,0.038,18,11,278.0,0
1607,21,13.0,0.0,2.7,76.0,528,0.015,60,50,135.0,0
1787,21,19.4,0.0,2.3,39.0,2000,0.035,47,15,229.0,0
1791,21,22.0,0.0,3.9,66.0,984,0.076,64,39,237.0,0
1793,21,21.2,0.0,3.3,52.0,2000,0.032,30,21,249.0,0
1845,21,22.8,0.0,3.3,62.0,1319,0.067,58,38,267.0,0
1899,21,19.1,0.0,2.5,66.0,1035,0.05,54,33,175.0,0
1921,21,20.4,0.0,0.1,39.0,2000,0.042,60,32,170.0,0
1937,21,20.8,0.0,3.1,35.0,2000,0.053,38,26,198.0,0
1955,21,17.0,0.0,2.4,27.0,2000,0.045,44,17,127.0,0
1965,21,19.2,0.0,4.1,23.0,2000,0.051,38,20,166.0,0
1977,21,10.8,0.0,3.3,77.0,1377,0.029,47,29,144.0,0
2014,21,9.2,0.0,2.3,48.0,1931,0.037,46,37,57.0,0
2029,21,18.8,0.0,0.6,14.0,2000,0.028,21,13,194.0,0
2051,21,17.3,0.0,3.2,63.0,2000,0.027,36,17,230.0,0
2098,21,14.2,0.0,3.4,83.0,952,0.033,44,23,120.0,0
2139,21,12.5,0.0,4.0,73.0,1264,0.051,57,27,91.0,0
2159,21,14.8,0.0,3.7,44.0,2000,0.042,23,16,120.0,0
2160,21,21.5,0.0,2.9,44.0,1970,0.063,52,33,239.0,0
2178,21,20.7,0.0,3.7,37.0,1395,0.082,71,36,216.0,0
57,22,23.4,0.0,2.6,37.0,2000,0.015,26,16,214.0,0
69,22,20.8,0.0,1.8,48.0,1781,0.028,55,31,221.0,0
73,22,14.9,0.0,2.5,66.0,1975,0.039,45,19,201.0,0
118,22,16.2,0.0,3.5,29.0,2000,0.044,46,14,117.0,0
135,22,19.9,0.0,2.8,44.0,2000,0.039,29,22,196.0,0
144,22,14.3,0.0,1.7,72.0,820,0.006,60,45,108.0,0
198,22,8.4,0.0,3.5,60.0,2000,0.03,47,36,58.0,0
276,22,17.2,0.0,2.1,23.0,2000,0.011,37,24,173.0,0
340,22,22.8,0.0,2.5,67.0,1899,0.018,33,25,221.0,0
395,22,15.6,0.0,0.3,86.0,507,0.02,68,30,102.0,0
440,22,10.1,0.0,1.7,86.0,459,0.006,40,40,112.0,0
455,22,13.9,0.0,1.8,25.0,2000,0.035,41,18,157.0,0
481,22,14.0,0.0,2.7,30.0,2000,0.049,26,15,100.0,0
556,22,14.3,0.0,1.7,35.0,921,0.047,83,72,104.0,0
670,22,12.5,0.0,4.0,76.0,525,0.013,67,54,60.0,0
674,22,11.0,1.0,2.9,95.0,177,0.028,29,29,2.0,0
824,22,13.3,0.0,3.6,66.0,619,0.064,90,62,114.0,0
854,22,12.3,0.0,2.3,63.0,1249,0.033,69,26,122.0,0
863,22,20.2,0.0,2.8,33.0,1945,0.079,68,36,206.0,0
891,22,20.2,0.0,2.8,54.0,2000,0.022,28,21,195.0,0
949,22,14.0,0.0,2.9,43.0,1887,0.043,83,20,91.0,0
960,22,14.4,0.0,5.1,22.0,1996,0.04,82,19,120.0,0
1029,22,12.1,0.0,1.8,38.0,1947,0.025,83,24,133.0,0
1057,22,20.3,0.0,3.4,44.0,1888,0.049,50,36,182.0,0
1059,22,17.9,1.0,0.8,92.0,377,0.015,32,24,134.0,0
1104,22,19.9,0.0,0.8,42.0,1973,0.022,62,35,148.0,0
1108,22,14.2,0.0,3.2,44.0,2000,0.043,23,18,84.0,0
1146,22,12.2,0.0,2.5,76.0,990,0.045,58,29,93.0,0
1149,22,15.7,0.0,3.3,58.0,2000,0.024,37,18,172.0,0
1189,22,17.7,0.0,2.4,45.0,2000,0.032,39,21,190.0,0
1209,22,8.6,0.0,1.7,52.0,994,0.049,72,64,60.0,0
1216,22,17.2,0.0,2.6,55.0,1851,0.047,52,33,139.0,0
1301,22,17.6,0.0,2.4,36.0,2000,0.038,32,12,176.0,0
1339,22,14.7,0.0,2.3,68.0,452,0.047,78,50,118.0,0
1346,22,20.2,0.0,2.7,58.0,2000,0.038,35,28,214.0,0
1355,22,18.5,0.0,2.9,48.0,2000,0.029,26,18,206.0,0
1461,22,19.4,0.0,2.4,39.0,1757,0.029,65,29,194.0,0
1473,22,18.6,0.0,1.0,70.0,834,0.038,58,37,155.0,0
1486,22,18.2,0.0,2.2,30.0,1782,0.054,46,25,144.0,0
1489,22,21.3,0.0,1.2,71.0,471,0.048,82,47,186.0,0
1490,22,18.8,0.0,3.0,32.0,2000,0.044,28,17,224.0,0
1499,22,15.0,0.0,2.5,56.0,2000,0.048,44,16,121.0,0
1500,22,20.8,0.0,2.1,57.0,2000,0.013,32,19,219.0,0
1507,22,10.1,0.0,3.1,20.0,2000,0.036,58,14,112.0,0
1600,22,13.6,0.0,3.1,84.0,1038,0.033,42,21,112.0,0
1654,22,12.8,0.0,2.7,69.0,935,0.039,69,31,123.0,0
1660,22,18.3,0.0,1.0,37.0,970,0.032,169,38,172.0,0
1682,22,11.8,0.0,2.5,53.0,2000,0.038,44,21,147.0,0
1685,22,12.8,0.0,1.3,72.0,2000,0.033,31,24,133.0,0
1700,22,17.7,0.0,2.5,66.0,577,0.07,92,51,159.0,0
1707,22,11.7,0.0,1.6,41.0,910,0.037,79,68,114.0,0
1729,22,14.7,0.0,2.4,50.0,2000,0.05,46,24,173.0,0
1734,22,21.9,0.0,3.1,65.0,1070,0.059,64,37,216.0,0
1801,22,16.2,0.0,2.4,65.0,1994,0.025,29,15,171.0,0
1998,22,20.9,0.0,4.3,70.0,839,0.073,61,38,139.0,0
2011,22,20.3,0.0,0.9,49.0,730,0.072,104,59,226.0,0
2040,22,19.6,0.0,2.8,42.0,2000,0.056,41,26,245.0,0
2058,22,10.4,0.0,3.0,70.0,2000,0.037,48,19,110.0,0
2106,22,12.3,0.0,3.3,57.0,1580,0.05,53,22,118.0,0
2114,22,18.1,0.0,4.6,73.0,1796,0.039,27,30,143.0,0
2140,22,14.1,0.0,3.0,37.0,1722,0.057,57,31,144.0,0
8,23,8.1,0.0,2.7,54.0,946,0.04,75,64,57.0,0
38,23,15.4,0.0,1.4,87.0,423,0.019,85,35,87.0,0
123,23,15.4,0.0,2.8,71.0,1926,0.024,33,16,124.0,0
141,23,17.8,0.0,2.2,52.0,2000,0.023,32,19,183.0,0
212,23,12.2,0.0,2.3,72.0,869,0.034,72,34,80.0,0
224,23,12.7,0.0,2.1,60.0,737,0.061,88,60,75.0,0
301,23,19.3,0.0,3.7,52.0,812,0.058,108,64,143.0,0
324,23,15.4,0.0,2.2,33.0,2000,0.034,49,19,85.0,0
347,23,16.6,0.0,0.4,26.0,2000,0.004,60,32,105.0,0
354,23,19.8,0.0,2.2,57.0,2000,0.004,32,21,153.0,0
361,23,16.8,0.0,2.2,45.0,2000,0.03,31,17,123.0,0
364,23,11.8,0.0,2.6,78.0,916,0.041,58,32,79.0,0
374,23,21.3,0.0,2.3,68.0,900,0.056,65,38,140.0,0
387,23,12.1,0.0,1.0,76.0,1995,0.036,25,23,78.0,0
443,23,19.1,0.0,2.2,44.0,2000,0.042,27,20,152.0,0
490,23,15.2,0.0,1.4,58.0,2000,0.041,31,16,122.0,0
500,23,11.7,0.0,2.9,65.0,1446,0.041,50,21,114.0,0
510,23,11.1,0.0,2.9,55.0,2000,0.033,47,21,85.0,0
543,23,16.6,0.0,2.1,71.0,465,0.066,92,53,112.0,0
562,23,17.3,0.0,2.9,37.0,1325,0.063,63,35,102.0,0
566,23,13.4,0.0,2.1,31.0,2000,0.043,26,16,88.0,0
699,23,20.5,0.0,1.6,54.0,1808,0.028,56,31,137.0,0
742,23,12.1,0.0,3.5,76.0,450,0.007,74,57,11.0,0
751,23,13.3,0.0,1.8,44.0,1650,0.043,67,34,100.0,0
756,23,19.2,0.0,1.9,46.0,1877,0.006,64,38,101.0,0
779,23,11.7,0.0,1.9,67.0,1111,0.024,75,32,96.0,0
817,23,19.6,0.0,1.2,59.0,2000,0.019,28,22,131.0,0
866,23,11.2,0.0,1.6,39.0,1908,0.029,97,22,73.0,0
869,23,18.0,0.0,1.4,36.0,1051,0.031,166,36,131.0,0
1053,23,20.7,0.0,1.7,66.0,464,0.029,88,54,126.0,0
1082,23,19.5,0.0,1.8,61.0,1994,0.034,36,27,145.0,0
1090,23,21.9,0.0,2.0,49.0,2000,0.008,34,23,150.0,0
1245,23,10.0,0.0,2.1,86.0,486,0.01,41,30,73.0,0
1282,23,22.2,0.0,2.5,69.0,1629,0.014,32,25,138.0,0
1296,23,16.5,0.0,3.3,39.0,2000,0.037,29,14,122.0,0
1340,23,13.5,0.0,2.2,39.0,1924,0.038,80,20,63.0,0
1364,23,13.1,0.0,3.0,84.0,990,0.036,39,19,87.0,0
1403,23,14.0,0.0,1.6,33.0,881,0.059,86,77,91.0,0
1406,23,16.3,0.0,1.8,60.0,1703,0.042,54,31,119.0,0
1525,23,19.2,0.0,3.0,29.0,2000,0.045,59,26,163.0,0
1557,23,9.5,0.0,2.9,37.0,2000,0.036,56,15,58.0,0
1579,23,13.3,0.0,1.4,76.0,780,0.012,51,43,96.0,0
1595,23,18.8,0.0,1.3,46.0,2000,0.044,40,27,153.0,0
1621,23,14.0,0.0,1.4,47.0,2000,0.046,45,23,114.0,0
1625,23,19.4,0.0,0.3,42.0,1368,0.07,53,31,120.0,0
1641,23,9.9,0.0,3.3,69.0,1974,0.037,45,17,70.0,0
1694,23,13.2,0.0,4.6,22.0,2000,0.038,68,17,71.0,0
1711,23,13.9,0.0,3.3,43.0,2000,0.042,23,19,57.0,0
1733,23,19.5,0.0,2.7,47.0,1753,0.04,53,35,134.0,0
1751,23,20.4,0.0,2.7,73.0,868,0.069,55,37,124.0,0
1786,23,14.3,0.0,2.6,60.0,2000,0.044,44,15,102.0,0
1817,23,7.3,0.0,3.3,66.0,2000,0.041,27,23,53.0,0
1838,23,14.1,0.0,3.1,68.0,475,0.032,86,52,88.0,0
1859,23,11.4,1.0,1.8,98.0,128,0.024,21,30,1.0,0
1972,23,17.7,0.0,1.1,92.0,418,0.009,34,27,42.0,0
2020,23,10.9,0.0,1.6,45.0,908,0.036,80,73,62.0,0
2035,23,18.0,0.0,1.7,34.0,2000,0.043,27,18,186.0,0
2056,23,13.1,0.0,2.1,31.0,2000,0.036,31,13,98.0,0
2123,23,17.5,0.0,3.1,78.0,1323,0.043,26,22,102.0,0
2158,23,18.2,0.0,1.3,70.0,738,0.036,58,34,141.0,0
2162,23,14.5,0.0,1.8,68.0,1794,0.034,43,20,119.0,0
